{"semaine":[1,2,3,4,5,6,7,8,9,10,11,12,13,14,15,16,17,18,19,20,21,22,23,24,25,26,27,28,29,30,31,32,33,34,35,36,37,38,39,40,41,42,43,44,45,46,47,48,49,50,51,52],"capacites_MW":{"electrolyzer":[0,0,0,0,0,0,0,0,0,0,0,0,0,0,0,0,0,0,0,0,0,0,0,0,0,0,0,0,0,0,0,0,0,0,0,0,0,0,0,0,0,0,0,0,0,0,0,0,7562,9250,9250,9250],"offshore":[500,500,500,500,500,500,500,500,500,500,500,500,500,500,500,500,500,500,500,500,500,500,500,500,500,500,500,500,500,500,500,500,500,500,500,500,500,500,500,500,500,500,500,500,500,500,500,500,1534,7321,9117,9117],"onshore":[22434,22434,22434,22441,22441,22441,22441,22441,22441,22441,22441,22441,22441,22441,22441,22441,22441,22441,22441,22441,22441,22441,22441,22441,22441,22441,22441,22441,22441,22441,22441,22441,22441,22441,22441,22441,23209,23209,23209,23209,23209,24011,24413,24933,24933,24933,25075,25075,40000,40000,40000,40000],"solar":[3000,3000,3000,3000,7194,12103,20499,20499,20499,20499,20499,20499,20499,20499,20499,20499,20499,20499,20499,20499,20499,20499,20499,20499,20499,20499,20499,20499,20499,20499,20499,20499,20499,20499,20499,20499,20499,20499,20499,20499,20499,20499,20499,20499,20499,20499,20499,20499,20499,40501,40501,40501],"battery":[32500,32500,32500,32500,32500,32500,32500,32500,32500,32500,32500,32500,32500,32500,32500,32500,32500,32500,32500,32500,32500,32500,32500,32500,32500,32500,32500,32500,32500,32500,32500,32500,32500,32500,32500,32500,32500,32500,32500,32500,32500,32500,32500,32500,32500,32500,32500,32500,32500,32500,32500,32500]},"H2":{"CCG":{"nombre_installees":[3,3,3,3,3,3,4,4,4,4,4,4,4,4,4,4,4,4,4,4,4,4,4,4,4,4,4,4,4,4,4,4,4,4,5,6,7,14,14,14,14,14,14,14,14,14,15,15,15,15,15,15],"production_totale_MWh":[5.91606932e6,5.91606932e6,5.91606932e6,5.91606932e6,5.91606932e6,5.91606932e6,5.91606932e6,5.91606932e6,5.91606932e6,5.91606932e6,5.91606932e6,5.91606932e6,5.91606932e6,5.91606932e6,5.91606932e6,5.91606932e6,5.91606932e6,5.91606932e6,5.91606932e6,5.91606932e6,5.91606932e6,5.91606932e6,5.91606932e6,5.91606932e6,5.91606932e6,5.91606932e6,5.91606932e6,5.91606932e6,5.91606932e6,5.91606932e6,5.91606932e6,5.91606932e6,5.91606932e6,5.91606932e6,5.91606932e6,5.91606932e6,5.91606932e6,5.91606932e6,5.91606932e6,5.91606932e6,5.91606932e6,5.91606932e6,5.91606932e6,5.91606932e6,5.91606932e6,5.91606932e6,5.91606932e6,5.91606932e6,5.91606932e6,5.91606932e6,5.91606932e6,5.91606932e6]},"TAC":{"nombre_installees":[0,0,0,0,0,0,0,0,0,0,0,0,0,0,0,0,0,0,0,0,0,0,0,0,0,0,0,0,0,0,0,0,0,0,0,0,0,0,0,0,0,0,0,0,0,0,0,0,0,0,0,0],"production_totale_MWh":[-0.0,-0.0,-0.0,-0.0,-0.0,-0.0,-0.0,-0.0,-0.0,-0.0,-0.0,-0.0,-0.0,-0.0,-0.0,-0.0,-0.0,-0.0,-0.0,-0.0,-0.0,-0.0,-0.0,-0.0,-0.0,-0.0,-0.0,-0.0,-0.0,-0.0,-0.0,-0.0,-0.0,-0.0,-0.0,-0.0,-0.0,-0.0,-0.0,-0.0,-0.0,-0.0,-0.0,-0.0,-0.0,-0.0,-0.0,-0.0,-0.0,-0.0,-0.0,-0.0]}}}