{"semaine":[1,2,3,4,5,6,7,8,9,10,11,12,13,14,15,16,17,18,19,20,21,22,23,24,25,26,27,28,29,30,31,32,33,34,35,36,37,38,39,40,41,42,43,44,45,46,47,48,49,50,51],"capacites_MW":{"offshore":[500,500,500,500,500,500,500,500,500,500,500,500,500,500,500,500,500,500,500,10240,10240,11034,11034,11034,11034,11034,11034,11034,11034,11034,11034,11034,11034,11034,11034,11034,11034,11034,11034,11034,11034,11034,11034,11034,11034,11034,11034,11034,11034,11034,11034],"onshore":[5900,5900,5900,5900,5900,5900,5900,5900,5900,5900,5900,6149,11100,11100,15102,15102,24310,24310,29899,35000,35000,35000,35000,35000,35000,35000,35000,35000,35000,35000,35000,35000,35000,35000,35000,35000,35000,35000,35000,35000,35000,35000,35000,35000,35000,35000,35000,35000,35000,35000,35000],"solar":[36666,36666,36666,36667,36667,36667,36667,38235,38822,42518,46378,46378,46378,46378,46378,46378,46378,46378,46378,46378,46378,51463,51463,51463,51463,51463,51463,51463,51463,51463,51463,51463,51463,51463,51463,51463,51463,51463,51463,51463,51463,51463,51463,51463,51463,51463,51463,51463,51463,51463,51463],"battery":[0,75,567,567,915,1450,1550,1665,1665,1744,1744,2311,2311,2311,2311,2311,2311,2347,2347,2347,2347,2347,2347,2347,2347,2347,2347,2347,2347,2347,2347,2409,2409,2409,2409,2409,2409,2409,2409,2409,2409,2409,2409,2409,2409,2409,2409,2409,2409,2409,2409]},"H2":{"CCG":{"nombre_installees":[5,5,5,5,6,6,6,6,7,7,7,7,7,7,7,7,7,7,7,7,7,7,7,7,7,7,7,7,7,7,7,7,7,7,7,7,7,7,7,7,7,7,7,7,7,7,7,7,7,7,7],"production_totale_MWh":[5.91961703e6,5.91961703e6,5.91961703e6,5.91961703e6,5.91961703e6,5.91961703e6,5.91961703e6,5.91961703e6,5.91961703e6,5.91961703e6,5.91961703e6,5.91961703e6,5.91961703e6,5.91961703e6,5.91961703e6,5.91961703e6,5.91961703e6,5.91961703e6,5.91961703e6,5.91961703e6,5.91961703e6,5.91961703e6,5.91961703e6,5.91961703e6,5.91961703e6,5.91961703e6,5.91961703e6,5.91961703e6,5.91961703e6,5.91961703e6,5.91961703e6,5.91961703e6,5.91961703e6,5.91961703e6,5.91961703e6,5.91961703e6,5.91961703e6,5.91961703e6,5.91961703e6,5.91961703e6,5.91961703e6,5.91961703e6,5.91961703e6,5.91961703e6,5.91961703e6,5.91961703e6,5.91961703e6,5.91961703e6,5.91961703e6,5.91961703e6,5.91961703e6]},"TAC":{"nombre_installees":[15,15,15,15,15,15,15,15,15,15,15,15,15,15,15,15,15,15,15,15,15,15,15,15,15,15,15,15,15,15,15,15,15,15,15,15,15,15,15,15,15,15,15,15,15,15,15,15,15,15,15],"production_totale_MWh":[1.37852662e6,1.37852662e6,1.37852662e6,1.37852662e6,1.37852662e6,1.37852662e6,1.37852662e6,1.37852662e6,1.37852662e6,1.37852662e6,1.37852662e6,1.37852662e6,1.37852662e6,1.37852662e6,1.37852662e6,1.37852662e6,1.37852662e6,1.37852662e6,1.37852662e6,1.37852662e6,1.37852662e6,1.37852662e6,1.37852662e6,1.37852662e6,1.37852662e6,1.37852662e6,1.37852662e6,1.37852662e6,1.37852662e6,1.37852662e6,1.37852662e6,1.37852662e6,1.37852662e6,1.37852662e6,1.37852662e6,1.37852662e6,1.37852662e6,1.37852662e6,1.37852662e6,1.37852662e6,1.37852662e6,1.37852662e6,1.37852662e6,1.37852662e6,1.37852662e6,1.37852662e6,1.37852662e6,1.37852662e6,1.37852662e6,1.37852662e6,1.37852662e6]}}}