{"semaine":[1,2,3,4,5,6,7,8,9,10,11,12,13,14,15,16,17,18,19,20,21,22,23,24,25,26,27,28,29,30,31,32,33,34,35,36,37,38,39,40,41,42,43,44,45,46,47,48,49,50,51,52],"capacites_MW":{"electrolyzer":[10008,10008,10008,10008,10008,10008,21130,21130,21130,21130,21130,21130,21130,21130,21130,21130,21130,21130,21130,21130,21130,21130,21130,21130,21130,21130,21130,21130,21130,21130,21130,21130,21130,21130,21130,21130,21130,23265,23265,23265,23265,23265,23265,23265,23265,23265,23971,23971,23971,23971,23971,23971],"offshore":[3678,5000,5000,5000,5000,5000,5000,5000,5000,5000,5000,5000,5000,5000,5000,5000,5000,5000,5000,5000,5000,5000,5000,5000,5000,5000,5000,5000,5000,5000,5000,5000,5000,5000,5000,5000,5000,5000,5000,5000,5000,5000,5000,5000,5000,5000,5000,5000,5000,5000,5000,5000],"onshore":[15000,15000,15000,15000,15000,15000,15000,15000,15000,15000,15000,15000,15000,15000,15000,15000,15000,15000,15000,15000,15000,15000,15000,15000,15000,15000,15000,15000,15000,15000,15000,15000,15000,15000,15000,15000,15000,15000,15000,15000,15000,15000,15000,15000,15000,15000,15000,15000,15000,15000,15000,15000],"solar":[16764,20982,20982,20982,20982,20982,35254,35254,35254,50000,50000,50000,50000,50000,50000,50000,50000,50000,50000,50000,50000,50000,50000,50000,50000,50000,50000,50000,50000,50000,50000,50000,50000,50000,50000,50000,50000,50000,50000,50000,50000,50000,50000,50000,50000,50000,50000,50000,50000,50000,50000,50000],"battery":[7500,7500,7500,7500,7500,7500,7500,7500,7500,7500,7500,7500,7500,7500,7500,7500,7500,7500,7500,7500,7500,7500,7500,7500,7500,7500,7500,7500,7500,7500,7500,7500,7500,7500,7500,7500,7500,7500,7500,7500,7500,7500,7500,7500,7500,7500,7500,7500,7500,7500,7500,7500]},"H2":{"CCG":{"nombre_installees":[3,3,3,3,3,3,9,9,9,9,9,9,9,9,9,9,9,9,9,9,9,9,9,9,9,9,9,9,9,9,9,9,9,9,9,9,9,10,10,10,10,10,10,10,10,10,10,10,10,10,10,10],"production_totale_MWh":[4.23135018e6,4.23135018e6,4.23135018e6,4.23135018e6,4.23135018e6,4.23135018e6,4.23135018e6,4.23135018e6,4.23135018e6,4.23135018e6,4.23135018e6,4.23135018e6,4.23135018e6,4.23135018e6,4.23135018e6,4.23135018e6,4.23135018e6,4.23135018e6,4.23135018e6,4.23135018e6,4.23135018e6,4.23135018e6,4.23135018e6,4.23135018e6,4.23135018e6,4.23135018e6,4.23135018e6,4.23135018e6,4.23135018e6,4.23135018e6,4.23135018e6,4.23135018e6,4.23135018e6,4.23135018e6,4.23135018e6,4.23135018e6,4.23135018e6,4.23135018e6,4.23135018e6,4.23135018e6,4.23135018e6,4.23135018e6,4.23135018e6,4.23135018e6,4.23135018e6,4.23135018e6,4.23135018e6,4.23135018e6,4.23135018e6,4.23135018e6,4.23135018e6,4.23135018e6]},"TAC":{"nombre_installees":[0,0,0,0,0,0,0,0,0,0,0,0,0,0,0,0,0,0,0,0,0,0,0,0,0,0,0,0,0,0,0,0,0,0,0,0,0,10,10,10,10,10,10,10,10,10,10,10,10,10,10,10],"production_totale_MWh":[3693.74,3693.74,3693.74,3693.74,3693.74,3693.74,3693.74,3693.74,3693.74,3693.74,3693.74,3693.74,3693.74,3693.74,3693.74,3693.74,3693.74,3693.74,3693.74,3693.74,3693.74,3693.74,3693.74,3693.74,3693.74,3693.74,3693.74,3693.74,3693.74,3693.74,3693.74,3693.74,3693.74,3693.74,3693.74,3693.74,3693.74,3693.74,3693.74,3693.74,3693.74,3693.74,3693.74,3693.74,3693.74,3693.74,3693.74,3693.74,3693.74,3693.74,3693.74,3693.74]}}}