{"semaine":[1,2,3,4,5,6,7,8,9,10,11,12,13,14,15,16,17,18,19,20,21,22,23,24,25,26,27,28,29,30,31,32,33,34,35,36,37,38,39,40,41,42,43,44,45,46,47,48,49,50,51],"capacites_MW":{"offshore":[500,500,500,500,500,500,500,500,500,500,500,500,500,500,500,500,500,500,1099,12313,12313,12830,12830,12830,12830,12830,12830,12830,12830,12830,12830,12830,13095,13095,13095,13095,13095,13095,13095,13095,13095,13095,13095,13095,13095,13095,13095,13095,13095,13095,13095],"onshore":[11376,11376,11376,11376,11376,11376,11376,11376,11376,11376,11866,11866,14559,15169,20431,20431,31346,31346,35000,35000,35000,35000,35000,35000,35000,35000,35000,35000,35000,35000,35000,35000,35000,35000,35000,35000,35000,35000,35000,35000,35000,35000,35000,35000,35000,35000,35000,35000,35000,35000,35000],"solar":[36523,36523,36523,36523,36523,38206,38206,38577,39540,41334,44954,44954,44954,44954,44954,44954,44954,44954,44954,57561,57561,63197,63197,63197,63197,63197,63197,63197,63197,63197,63197,63197,63197,63197,63197,63197,63197,63197,63197,63197,63197,63197,63197,63197,63197,63197,63197,63197,63197,63197,63197],"battery":[0,0,0,0,195,373,373,947,1910,1910,1910,1910,1910,1910,1910,1910,1910,1910,1910,1910,1910,3981,3981,3981,3981,3981,3981,3981,4221,4221,4221,4221,4221,4221,4221,4221,4221,4221,4221,4221,4221,4221,4221,4221,4221,4221,4221,4221,4221,4221,4221]},"H2":{"CCG":{"nombre_installees":[8,8,9,9,10,10,10,10,10,10,10,10,10,10,10,10,10,10,10,10,10,10,10,10,10,10,10,10,11,11,11,11,11,11,11,11,11,11,11,11,11,11,11,11,11,11,11,11,11,11,11],"production_totale_MWh":[7.74610945e6,7.74610945e6,7.74610945e6,7.74610945e6,7.74610945e6,7.74610945e6,7.74610945e6,7.74610945e6,7.74610945e6,7.74610945e6,7.74610945e6,7.74610945e6,7.74610945e6,7.74610945e6,7.74610945e6,7.74610945e6,7.74610945e6,7.74610945e6,7.74610945e6,7.74610945e6,7.74610945e6,7.74610945e6,7.74610945e6,7.74610945e6,7.74610945e6,7.74610945e6,7.74610945e6,7.74610945e6,7.74610945e6,7.74610945e6,7.74610945e6,7.74610945e6,7.74610945e6,7.74610945e6,7.74610945e6,7.74610945e6,7.74610945e6,7.74610945e6,7.74610945e6,7.74610945e6,7.74610945e6,7.74610945e6,7.74610945e6,7.74610945e6,7.74610945e6,7.74610945e6,7.74610945e6,7.74610945e6,7.74610945e6,7.74610945e6,7.74610945e6]},"TAC":{"nombre_installees":[0,0,0,0,0,0,0,0,0,0,0,0,0,0,0,0,0,0,0,0,0,0,0,0,0,0,0,0,0,0,0,0,0,0,0,0,0,0,0,0,0,0,0,0,0,0,0,0,0,0,0],"production_totale_MWh":[0.0,0.0,0.0,0.0,0.0,0.0,0.0,0.0,0.0,0.0,0.0,0.0,0.0,0.0,0.0,0.0,0.0,0.0,0.0,0.0,0.0,0.0,0.0,0.0,0.0,0.0,0.0,0.0,0.0,0.0,0.0,0.0,0.0,0.0,0.0,0.0,0.0,0.0,0.0,0.0,0.0,0.0,0.0,0.0,0.0,0.0,0.0,0.0,0.0,0.0,0.0]}}}