{"semaine":[1,2,3,4,5,6,7,8,9,10,11,12,13,14,15,16,17,18,19,20,21,22,23,24,25,26,27,28,29,30,31,32,33,34,35,36,37,38,39,40,41,42,43,44,45,46,47,48,49,50,51],"capacites_MW":{"offshore":[500,500,500,500,500,500,500,500,500,500,500,500,500,500,500,500,500,500,500,13807,13807,16410,16410,16410,16410,16410,16410,16410,16410,16410,16410,16410,16410,16410,16410,16410,16410,16410,16410,16410,16410,16410,16410,16410,16410,16410,16410,16410,16410,16410,16410],"onshore":[5900,5900,5900,5900,5900,5900,5900,5900,5900,5900,5900,6096,12094,12785,17757,17757,28135,28135,33555,35000,35000,35000,35000,35000,35000,35000,35000,35000,35000,35000,35000,35000,35000,35000,35000,35000,35000,35000,35000,35000,35000,35000,35000,35000,35000,35000,35000,35000,35000,35000,35000],"solar":[43653,43653,43653,43653,43653,43653,43653,44897,45138,48419,53017,53700,53700,53700,53700,53700,53700,53700,53700,53700,53700,55192,55192,55192,55192,55192,55192,55192,55192,55192,55192,55192,55192,55192,55192,55192,55192,55192,55192,55192,55192,55192,55192,55192,55192,55192,55192,55192,55192,55192,55192],"battery":[0,45,595,629,700,1239,1290,1356,1356,1454,1454,1454,1454,1454,1454,1454,1454,1454,1454,1454,1454,1454,1454,1729,1729,1729,1729,1729,1729,1729,1729,1729,1729,1729,1729,1729,1729,1729,1729,1729,1729,1729,1729,1729,1729,1729,1729,1729,1729,1729,1729]},"H2":{"CCG":{"nombre_installees":[8,8,8,8,9,9,9,9,10,10,10,10,10,10,10,10,10,10,10,10,10,10,10,10,10,10,10,10,10,10,10,10,10,10,10,10,10,10,10,10,10,10,10,10,10,10,10,10,10,10,10],"production_totale_MWh":[7.99596077e6,7.99596077e6,7.99596077e6,7.99596077e6,7.99596077e6,7.99596077e6,7.99596077e6,7.99596077e6,7.99596077e6,7.99596077e6,7.99596077e6,7.99596077e6,7.99596077e6,7.99596077e6,7.99596077e6,7.99596077e6,7.99596077e6,7.99596077e6,7.99596077e6,7.99596077e6,7.99596077e6,7.99596077e6,7.99596077e6,7.99596077e6,7.99596077e6,7.99596077e6,7.99596077e6,7.99596077e6,7.99596077e6,7.99596077e6,7.99596077e6,7.99596077e6,7.99596077e6,7.99596077e6,7.99596077e6,7.99596077e6,7.99596077e6,7.99596077e6,7.99596077e6,7.99596077e6,7.99596077e6,7.99596077e6,7.99596077e6,7.99596077e6,7.99596077e6,7.99596077e6,7.99596077e6,7.99596077e6,7.99596077e6,7.99596077e6,7.99596077e6]},"TAC":{"nombre_installees":[9,9,10,10,10,10,10,10,10,10,10,10,10,10,10,10,10,10,10,10,10,10,10,10,10,10,10,10,10,10,10,10,10,10,10,10,10,10,10,10,10,10,10,10,10,10,10,10,10,10,10],"production_totale_MWh":[812636.07,812636.07,812636.07,812636.07,812636.07,812636.07,812636.07,812636.07,812636.07,812636.07,812636.07,812636.07,812636.07,812636.07,812636.07,812636.07,812636.07,812636.07,812636.07,812636.07,812636.07,812636.07,812636.07,812636.07,812636.07,812636.07,812636.07,812636.07,812636.07,812636.07,812636.07,812636.07,812636.07,812636.07,812636.07,812636.07,812636.07,812636.07,812636.07,812636.07,812636.07,812636.07,812636.07,812636.07,812636.07,812636.07,812636.07,812636.07,812636.07,812636.07,812636.07]}}}