{"semaine":[1,2,3,4,5,6,7,8,9,10,11,12,13,14,15,16,17,18,19,20,21,22,23,24,25,26,27,28,29,30,31,32,33,34,35,36,37,38,39,40,41,42,43,44,45,46,47,48,49,50,51],"capacites_MW":{"offshore":[500,500,500,500,500,500,500,500,500,500,500,500,500,500,500,500,500,500,500,10187,10187,11035,11035,11035,11035,11035,11035,11035,11035,11035,11035,11035,11035,11035,11035,11035,11035,11035,11035,11035,11035,11035,11035,11035,11035,11035,11035,11035,11035,11035,11035],"onshore":[5900,5900,5900,5900,5900,5900,5900,5900,5900,5900,5900,6087,11074,11074,15056,15056,24249,24249,29851,35000,35000,35000,35000,35000,35000,35000,35000,35000,35000,35000,35000,35000,35000,35000,35000,35000,35000,35000,35000,35000,35000,35000,35000,35000,35000,35000,35000,35000,35000,35000,35000],"solar":[36664,36664,36664,36668,36668,36668,36668,38341,38900,42522,46368,46368,46368,46368,46368,46368,46368,46368,46368,46368,46368,51387,51387,51387,51387,51387,51387,51387,51387,51387,51387,51387,51387,51387,51387,51387,51387,51387,51387,51387,51387,51387,51387,51387,51387,51387,51387,51387,51387,51387,51387],"battery":[0,4,571,571,915,1450,1450,1478,1478,1757,1757,2500,2500,2500,2500,2500,2500,2543,2543,2543,2543,2543,2543,2543,2543,2543,2543,2543,2543,2543,2543,2635,2635,2635,2635,2635,2635,2635,2635,2635,2635,2635,2635,2635,2635,2635,2635,2635,2635,2635,2635]},"H2":{"CCG":{"nombre_installees":[5,5,5,5,6,6,6,6,7,7,7,7,7,7,7,7,7,7,7,7,7,7,7,7,7,7,7,7,7,7,7,7,7,7,7,7,7,7,7,7,7,7,7,7,7,7,7,7,7,7,7],"production_totale_MWh":[5.90724108e6,5.90724108e6,5.90724108e6,5.90724108e6,5.90724108e6,5.90724108e6,5.90724108e6,5.90724108e6,5.90724108e6,5.90724108e6,5.90724108e6,5.90724108e6,5.90724108e6,5.90724108e6,5.90724108e6,5.90724108e6,5.90724108e6,5.90724108e6,5.90724108e6,5.90724108e6,5.90724108e6,5.90724108e6,5.90724108e6,5.90724108e6,5.90724108e6,5.90724108e6,5.90724108e6,5.90724108e6,5.90724108e6,5.90724108e6,5.90724108e6,5.90724108e6,5.90724108e6,5.90724108e6,5.90724108e6,5.90724108e6,5.90724108e6,5.90724108e6,5.90724108e6,5.90724108e6,5.90724108e6,5.90724108e6,5.90724108e6,5.90724108e6,5.90724108e6,5.90724108e6,5.90724108e6,5.90724108e6,5.90724108e6,5.90724108e6,5.90724108e6]},"TAC":{"nombre_installees":[15,15,15,15,15,15,15,15,15,15,15,15,15,15,15,15,15,15,15,15,15,15,15,15,15,15,15,15,15,15,15,15,15,15,15,15,15,15,15,15,15,15,15,15,15,15,15,15,15,15,15],"production_totale_MWh":[1.37523719e6,1.37523719e6,1.37523719e6,1.37523719e6,1.37523719e6,1.37523719e6,1.37523719e6,1.37523719e6,1.37523719e6,1.37523719e6,1.37523719e6,1.37523719e6,1.37523719e6,1.37523719e6,1.37523719e6,1.37523719e6,1.37523719e6,1.37523719e6,1.37523719e6,1.37523719e6,1.37523719e6,1.37523719e6,1.37523719e6,1.37523719e6,1.37523719e6,1.37523719e6,1.37523719e6,1.37523719e6,1.37523719e6,1.37523719e6,1.37523719e6,1.37523719e6,1.37523719e6,1.37523719e6,1.37523719e6,1.37523719e6,1.37523719e6,1.37523719e6,1.37523719e6,1.37523719e6,1.37523719e6,1.37523719e6,1.37523719e6,1.37523719e6,1.37523719e6,1.37523719e6,1.37523719e6,1.37523719e6,1.37523719e6,1.37523719e6,1.37523719e6]}}}