{"semaine":[1,2,3,4,5,6,7,8,9,10,11,12,13,14,15,16,17,18,19,20,21,22,23,24,25,26,27,28,29,30,31,32,33,34,35,36,37,38,39,40,41,42,43,44,45,46,47,48,49,50,51],"capacites_MW":{"offshore":[500,500,500,500,500,500,500,500,500,500,500,500,500,500,500,500,500,500,500,13937,13937,16929,16929,16929,16929,16929,16929,16929,16929,16929,16929,16929,16929,16929,16929,16929,16929,16929,16929,16929,16929,16929,16929,16929,16929,16929,16929,16929,16929,16929,16929],"onshore":[5900,5900,5900,5900,5900,5900,5900,5900,5900,5900,5900,6242,12160,12851,17807,17807,28216,28216,33672,35000,35000,35000,35000,35000,35000,35000,35000,35000,35000,35000,35000,35000,35000,35000,35000,35000,35000,35000,35000,35000,35000,35000,35000,35000,35000,35000,35000,35000,35000,35000,35000],"solar":[43644,43644,43644,43645,43645,43645,43645,44850,45037,48399,52992,53419,53419,53419,53419,53419,53419,53419,53419,53419,53419,53713,53713,53713,53713,53713,53713,53713,53713,53713,53713,53713,53713,53713,53713,53713,53713,53713,53713,53713,53713,53713,53713,53713,53713,53713,53713,53713,53713,53713,53713],"battery":[0,36,416,416,527,1046,1084,1084,1084,1084,1142,1142,1142,1142,1142,1142,1142,1167,1167,1167,1167,1167,1167,1245,1245,1245,1245,1245,1253,1253,1253,1253,1253,1253,1253,1253,1253,1253,1253,1253,1253,1253,1253,1253,1253,1253,1253,1253,1253,1253,1253]},"H2":{"CCG":{"nombre_installees":[7,7,7,7,8,8,8,8,9,9,9,9,9,9,9,9,9,9,9,9,9,9,9,9,9,9,9,9,9,9,9,9,9,9,9,9,9,9,9,9,9,9,9,9,9,9,9,9,9,9,9],"production_totale_MWh":[7.50395782e6,7.50395782e6,7.50395782e6,7.50395782e6,7.50395782e6,7.50395782e6,7.50395782e6,7.50395782e6,7.50395782e6,7.50395782e6,7.50395782e6,7.50395782e6,7.50395782e6,7.50395782e6,7.50395782e6,7.50395782e6,7.50395782e6,7.50395782e6,7.50395782e6,7.50395782e6,7.50395782e6,7.50395782e6,7.50395782e6,7.50395782e6,7.50395782e6,7.50395782e6,7.50395782e6,7.50395782e6,7.50395782e6,7.50395782e6,7.50395782e6,7.50395782e6,7.50395782e6,7.50395782e6,7.50395782e6,7.50395782e6,7.50395782e6,7.50395782e6,7.50395782e6,7.50395782e6,7.50395782e6,7.50395782e6,7.50395782e6,7.50395782e6,7.50395782e6,7.50395782e6,7.50395782e6,7.50395782e6,7.50395782e6,7.50395782e6,7.50395782e6]},"TAC":{"nombre_installees":[15,15,15,15,15,15,15,15,15,15,15,15,15,15,15,15,15,15,15,15,15,15,15,15,15,15,15,15,15,15,15,15,15,15,15,15,15,15,15,15,15,15,15,15,15,15,15,15,15,15,15],"production_totale_MWh":[1.29226205e6,1.29226205e6,1.29226205e6,1.29226205e6,1.29226205e6,1.29226205e6,1.29226205e6,1.29226205e6,1.29226205e6,1.29226205e6,1.29226205e6,1.29226205e6,1.29226205e6,1.29226205e6,1.29226205e6,1.29226205e6,1.29226205e6,1.29226205e6,1.29226205e6,1.29226205e6,1.29226205e6,1.29226205e6,1.29226205e6,1.29226205e6,1.29226205e6,1.29226205e6,1.29226205e6,1.29226205e6,1.29226205e6,1.29226205e6,1.29226205e6,1.29226205e6,1.29226205e6,1.29226205e6,1.29226205e6,1.29226205e6,1.29226205e6,1.29226205e6,1.29226205e6,1.29226205e6,1.29226205e6,1.29226205e6,1.29226205e6,1.29226205e6,1.29226205e6,1.29226205e6,1.29226205e6,1.29226205e6,1.29226205e6,1.29226205e6,1.29226205e6]}}}