{"semaine":[1,2,3,4,5,6,7,8,9,10,11,12,13,14,15,16,17,18,19,20,21,22,23,24,25,26,27,28,29,30,31,32,33,34,35,36,37,38,39,40,41,42,43,44,45,46,47,48,49,50,51],"capacites_MW":{"offshore":[500,500,500,500,500,500,500,500,500,500,500,500,500,500,500,500,500,500,500,13854,13854,16845,16845,16845,16845,16845,16845,16845,16845,16845,16845,16845,16845,16845,16845,16845,16845,16845,16845,16845,16845,16845,16845,16845,16845,16845,16845,16845,16845,16845,16845],"onshore":[5900,5900,5900,5900,5900,5900,5900,5900,5900,5900,5900,6205,12164,12863,17821,17821,28219,28219,33589,35000,35000,35000,35000,35000,35000,35000,35000,35000,35000,35000,35000,35000,35000,35000,35000,35000,35000,35000,35000,35000,35000,35000,35000,35000,35000,35000,35000,35000,35000,35000,35000],"solar":[43660,43660,43660,43660,43660,43660,43660,44885,45022,48440,53058,53534,53534,53534,53534,53534,53534,53534,53534,53534,53534,53920,53920,53920,53920,53920,53920,53920,53920,53920,53920,53920,53920,53920,53920,53920,53920,53920,53920,53920,53920,53920,53920,53920,53920,53920,53920,53920,53920,53920,53920],"battery":[0,63,630,693,734,1274,1315,1389,1389,1389,1408,1408,1408,1408,1408,1408,1408,1502,1502,1502,1502,1502,1502,1684,1684,1684,1684,1684,1710,1710,1710,1777,1777,1777,1777,1777,1777,1777,1777,1777,1777,1777,1777,1777,1777,1777,1777,1777,1777,1777,1777]},"H2":{"CCG":{"nombre_installees":[7,7,7,7,8,8,8,8,9,9,9,9,9,9,9,9,9,9,9,9,9,9,9,9,9,9,9,9,9,9,9,9,9,9,9,9,9,9,9,9,9,9,9,9,9,9,9,9,9,9,9],"production_totale_MWh":[7.48277599e6,7.48277599e6,7.48277599e6,7.48277599e6,7.48277599e6,7.48277599e6,7.48277599e6,7.48277599e6,7.48277599e6,7.48277599e6,7.48277599e6,7.48277599e6,7.48277599e6,7.48277599e6,7.48277599e6,7.48277599e6,7.48277599e6,7.48277599e6,7.48277599e6,7.48277599e6,7.48277599e6,7.48277599e6,7.48277599e6,7.48277599e6,7.48277599e6,7.48277599e6,7.48277599e6,7.48277599e6,7.48277599e6,7.48277599e6,7.48277599e6,7.48277599e6,7.48277599e6,7.48277599e6,7.48277599e6,7.48277599e6,7.48277599e6,7.48277599e6,7.48277599e6,7.48277599e6,7.48277599e6,7.48277599e6,7.48277599e6,7.48277599e6,7.48277599e6,7.48277599e6,7.48277599e6,7.48277599e6,7.48277599e6,7.48277599e6,7.48277599e6]},"TAC":{"nombre_installees":[15,15,15,15,15,15,15,15,15,15,15,15,15,15,15,15,15,15,15,15,15,15,15,15,15,15,15,15,15,15,15,15,15,15,15,15,15,15,15,15,15,15,15,15,15,15,15,15,15,15,15],"production_totale_MWh":[1.28745713e6,1.28745713e6,1.28745713e6,1.28745713e6,1.28745713e6,1.28745713e6,1.28745713e6,1.28745713e6,1.28745713e6,1.28745713e6,1.28745713e6,1.28745713e6,1.28745713e6,1.28745713e6,1.28745713e6,1.28745713e6,1.28745713e6,1.28745713e6,1.28745713e6,1.28745713e6,1.28745713e6,1.28745713e6,1.28745713e6,1.28745713e6,1.28745713e6,1.28745713e6,1.28745713e6,1.28745713e6,1.28745713e6,1.28745713e6,1.28745713e6,1.28745713e6,1.28745713e6,1.28745713e6,1.28745713e6,1.28745713e6,1.28745713e6,1.28745713e6,1.28745713e6,1.28745713e6,1.28745713e6,1.28745713e6,1.28745713e6,1.28745713e6,1.28745713e6,1.28745713e6,1.28745713e6,1.28745713e6,1.28745713e6,1.28745713e6,1.28745713e6]}}}