{"semaine":[1,2,3,4,5,6,7,8,9,10,11,12,13,14,15,16,17,18,19,20,21,22,23,24,25,26,27,28,29,30,31,32,33,34,35,36,37,38,39,40,41,42,43,44,45,46,47,48,49,50,51,52],"capacites_MW":{"electrolyzer":[9228,9228,9228,10161,10161,10161,10161,17544,17544,17544,17544,17544,17544,17544,17544,17544,17544,17544,17544,17544,17544,17544,17544,17544,17544,17544,17544,17544,17544,17544,17544,17544,17544,17544,17544,17544,17544,17544,17544,17544,17544,17544,17544,17544,17544,17544,17544,17544,17544,17544,17544,17817],"offshore":[500,500,500,500,500,500,500,500,500,500,500,500,500,500,500,500,500,500,500,500,500,500,500,500,500,500,500,500,500,500,500,500,500,500,500,500,500,500,500,500,500,500,500,500,500,500,500,500,500,500,500,500],"onshore":[25735,25735,25735,25735,25735,25735,25735,25735,25735,25735,25751,25751,25751,25751,25751,25751,25751,25751,25751,25751,25751,25751,25751,25751,25751,25751,25751,25751,25751,25751,25751,25751,25751,25751,25751,25751,25751,25976,25976,25976,25976,25976,25976,25976,25976,25976,26826,26826,26826,30420,30420,30420],"solar":[3847,3847,3847,3847,6981,8914,19778,19778,19778,19778,19778,19778,19778,19778,19778,19778,19778,19778,19778,19778,19778,19778,19778,19778,19778,19778,19778,19778,19778,19778,19778,19778,19778,19778,19778,19778,19778,19778,19778,19778,19778,19778,19778,19778,19778,19778,19778,19778,19778,19778,19778,19778],"battery":[32500,32500,32500,32500,32500,32500,32500,32500,32500,32500,32500,32500,32500,32500,32500,32500,32500,32500,32500,32500,32500,32500,32500,32500,32500,32500,32500,32500,32500,32500,32500,32500,32500,32500,32500,32500,32500,32500,32500,32500,32500,32500,32500,32500,32500,32500,32500,32500,32500,32500,32500,32500]},"H2":{"CCG":{"nombre_installees":[1,1,1,1,1,1,4,4,4,4,4,4,4,4,4,4,4,4,4,4,4,4,4,4,4,4,4,4,4,4,4,4,4,4,4,5,6,12,12,12,12,12,12,12,12,12,14,14,14,14,14,14],"production_totale_MWh":[5.67803589e6,5.67803589e6,5.67803589e6,5.67803589e6,5.67803589e6,5.67803589e6,5.67803589e6,5.67803589e6,5.67803589e6,5.67803589e6,5.67803589e6,5.67803589e6,5.67803589e6,5.67803589e6,5.67803589e6,5.67803589e6,5.67803589e6,5.67803589e6,5.67803589e6,5.67803589e6,5.67803589e6,5.67803589e6,5.67803589e6,5.67803589e6,5.67803589e6,5.67803589e6,5.67803589e6,5.67803589e6,5.67803589e6,5.67803589e6,5.67803589e6,5.67803589e6,5.67803589e6,5.67803589e6,5.67803589e6,5.67803589e6,5.67803589e6,5.67803589e6,5.67803589e6,5.67803589e6,5.67803589e6,5.67803589e6,5.67803589e6,5.67803589e6,5.67803589e6,5.67803589e6,5.67803589e6,5.67803589e6,5.67803589e6,5.67803589e6,5.67803589e6,5.67803589e6]},"TAC":{"nombre_installees":[0,0,0,0,0,0,0,0,0,0,0,0,0,0,0,0,0,0,0,0,0,0,0,0,0,0,0,0,0,0,0,0,0,0,0,0,0,0,0,0,0,0,0,0,0,0,0,0,0,0,0,0],"production_totale_MWh":[0.0,0.0,0.0,0.0,0.0,0.0,0.0,0.0,0.0,0.0,0.0,0.0,0.0,0.0,0.0,0.0,0.0,0.0,0.0,0.0,0.0,0.0,0.0,0.0,0.0,0.0,0.0,0.0,0.0,0.0,0.0,0.0,0.0,0.0,0.0,0.0,0.0,0.0,0.0,0.0,0.0,0.0,0.0,0.0,0.0,0.0,0.0,0.0,0.0,0.0,0.0,0.0]}}}