{"semaine":[1,2,3,4,5,6,7,8,9,10,11,12,13,14,15,16,17,18,19,20,21,22,23,24,25,26,27,28,29,30,31,32,33,34,35,36,37,38,39,40,41,42,43,44,45,46,47,48,49,50,51,52],"capacites_MW":{"electrolyzer":[0,0,0,0,0,0,0,0,0,0,0,0,0,0,0,0,0,0,0,6090,9250,9250,9250,9250,9250,9250,9250,9250,9250,9250,9250,9250,9250,9250,9250,9250,9250,9250,9250,9250,9250,9250,9250,9250,9250,9250,9250,9250,9250,9250,9250,9250],"offshore":[500,500,500,500,500,500,500,500,500,500,500,500,500,500,500,500,500,500,500,500,7321,9117,9117,9117,9117,9117,9117,9117,9117,9117,9117,9117,9117,9117,9117,9117,9117,9117,9117,9117,9117,9117,9117,9117,9117,9117,9117,9117,9117,9117,9117,9117],"onshore":[5900,9716,15193,15193,15193,15254,15254,22507,22507,22507,22507,22507,23259,24008,24467,24467,24467,24572,24572,36991,40000,40000,40000,40000,40000,40000,40000,40000,40000,40000,40000,40000,40000,40000,40000,40000,40000,40000,40000,40000,40000,40000,40000,40000,40000,40000,40000,40000,40000,40000,40000,40000],"solar":[24161,24161,24161,24161,24161,24161,24161,24161,24161,24161,24161,24161,24161,24161,24161,24161,24161,24161,24161,24161,40501,40501,40501,40501,40501,40501,40501,40501,40501,40501,40501,40501,40501,40501,40501,40501,40501,40501,40501,40501,40501,40501,40501,40501,40501,40501,40501,40501,40501,40501,40501,40501],"battery":[32500,32500,32500,32500,32500,32500,32500,32500,32500,32500,32500,32500,32500,32500,32500,32500,32500,32500,32500,32500,32500,32500,32500,32500,32500,32500,32500,32500,32500,32500,32500,32500,32500,32500,32500,32500,32500,32500,32500,32500,32500,32500,32500,32500,32500,32500,32500,32500,32500,32500,32500,32500]},"H2":{"CCG":{"nombre_installees":[6,6,6,6,6,7,7,7,14,14,14,14,14,14,14,14,14,14,14,14,14,14,14,14,14,14,14,14,14,14,14,14,14,14,14,14,14,14,14,14,14,14,14,14,14,14,14,14,14,14,14,14],"production_totale_MWh":[5.83253993e6,5.83253993e6,5.83253993e6,5.83253993e6,5.83253993e6,5.83253993e6,5.83253993e6,5.83253993e6,5.83253993e6,5.83253993e6,5.83253993e6,5.83253993e6,5.83253993e6,5.83253993e6,5.83253993e6,5.83253993e6,5.83253993e6,5.83253993e6,5.83253993e6,5.83253993e6,5.83253993e6,5.83253993e6,5.83253993e6,5.83253993e6,5.83253993e6,5.83253993e6,5.83253993e6,5.83253993e6,5.83253993e6,5.83253993e6,5.83253993e6,5.83253993e6,5.83253993e6,5.83253993e6,5.83253993e6,5.83253993e6,5.83253993e6,5.83253993e6,5.83253993e6,5.83253993e6,5.83253993e6,5.83253993e6,5.83253993e6,5.83253993e6,5.83253993e6,5.83253993e6,5.83253993e6,5.83253993e6,5.83253993e6,5.83253993e6,5.83253993e6,5.83253993e6]},"TAC":{"nombre_installees":[0,0,0,0,0,0,0,0,0,0,0,0,0,0,0,0,0,0,0,0,0,0,0,0,0,0,0,0,0,0,0,0,0,0,0,0,0,0,0,0,0,0,0,0,0,0,0,0,0,0,0,0],"production_totale_MWh":[0.0,0.0,0.0,0.0,0.0,0.0,0.0,0.0,0.0,0.0,0.0,0.0,0.0,0.0,0.0,0.0,0.0,0.0,0.0,0.0,0.0,0.0,0.0,0.0,0.0,0.0,0.0,0.0,0.0,0.0,0.0,0.0,0.0,0.0,0.0,0.0,0.0,0.0,0.0,0.0,0.0,0.0,0.0,0.0,0.0,0.0,0.0,0.0,0.0,0.0,0.0,0.0]}}}