{"semaine":[1,2,3,4,5,6,7,8,9,10,11,12,13,14,15,16,17,18,19,20,21,22,23,24,25,26,27,28,29,30,31,32,33,34,35,36,37,38,39,40,41,42,43,44,45,46,47,48,49,50,51,52],"capacites_MW":{"electrolyzer":[0,0,0,0,0,0,0,0,0,0,0,0,0,4636,21580,21580,21580,21580,21580,21580,21580,21580,21580,21580,21580,21580,21580,21580,21580,21580,21580,21580,21580,21580,21580,21580,21580,21580,21580,21580,21580,21580,21580,21580,21580,21580,21580,21580,21580,21580,21580,21580],"offshore":[500,500,500,500,500,500,500,500,500,500,500,500,500,1094,1853,1853,5000,5000,5000,5000,5000,5000,5000,5000,5000,5000,5000,5000,5000,5000,5000,5000,5000,5000,5000,5000,5000,5000,5000,5000,5000,5000,5000,5000,5000,5000,5000,5000,5000,5000,5000,5000],"onshore":[5900,5900,5900,5900,5900,5900,5995,5995,5995,5995,5995,5995,11899,15000,15000,15000,15000,15000,15000,15000,15000,15000,15000,15000,15000,15000,15000,15000,15000,15000,15000,15000,15000,15000,15000,15000,15000,15000,15000,15000,15000,15000,15000,15000,15000,15000,15000,15000,15000,15000,15000,15000],"solar":[19538,20067,20067,20067,20067,20067,20067,20067,20067,20067,20067,20067,20067,20067,45680,45680,50000,50000,50000,50000,50000,50000,50000,50000,50000,50000,50000,50000,50000,50000,50000,50000,50000,50000,50000,50000,50000,50000,50000,50000,50000,50000,50000,50000,50000,50000,50000,50000,50000,50000,50000,50000],"battery":[7500,7500,7500,7500,7500,7500,7500,7500,7500,7500,7500,7500,7500,7500,7500,7500,7500,7500,7500,7500,7500,7500,7500,7500,7500,7500,7500,7500,7500,7500,7500,7500,7500,7500,7500,7500,7500,7500,7500,7500,7500,7500,7500,7500,7500,7500,7500,7500,7500,7500,7500,7500]},"H2":{"CCG":{"nombre_installees":[7,7,7,7,8,8,8,8,9,9,10,10,10,10,10,10,10,10,10,10,10,10,10,10,10,10,10,10,10,10,10,10,10,10,10,10,10,10,10,10,10,10,10,10,10,10,10,10,10,10,10,10],"production_totale_MWh":[7.43078759e6,7.43078759e6,7.43078759e6,7.43078759e6,7.43078759e6,7.43078759e6,7.43078759e6,7.43078759e6,7.43078759e6,7.43078759e6,7.43078759e6,7.43078759e6,7.43078759e6,7.43078759e6,7.43078759e6,7.43078759e6,7.43078759e6,7.43078759e6,7.43078759e6,7.43078759e6,7.43078759e6,7.43078759e6,7.43078759e6,7.43078759e6,7.43078759e6,7.43078759e6,7.43078759e6,7.43078759e6,7.43078759e6,7.43078759e6,7.43078759e6,7.43078759e6,7.43078759e6,7.43078759e6,7.43078759e6,7.43078759e6,7.43078759e6,7.43078759e6,7.43078759e6,7.43078759e6,7.43078759e6,7.43078759e6,7.43078759e6,7.43078759e6,7.43078759e6,7.43078759e6,7.43078759e6,7.43078759e6,7.43078759e6,7.43078759e6,7.43078759e6,7.43078759e6]},"TAC":{"nombre_installees":[2,3,3,3,8,8,8,8,8,8,8,8,8,8,8,8,8,8,8,8,8,8,8,8,8,8,8,8,8,8,8,8,10,10,10,10,10,10,10,10,10,10,10,10,10,10,10,10,10,10,10,10],"production_totale_MWh":[14898.15,14898.15,14898.15,14898.15,14898.15,14898.15,14898.15,14898.15,14898.15,14898.15,14898.15,14898.15,14898.15,14898.15,14898.15,14898.15,14898.15,14898.15,14898.15,14898.15,14898.15,14898.15,14898.15,14898.15,14898.15,14898.15,14898.15,14898.15,14898.15,14898.15,14898.15,14898.15,14898.15,14898.15,14898.15,14898.15,14898.15,14898.15,14898.15,14898.15,14898.15,14898.15,14898.15,14898.15,14898.15,14898.15,14898.15,14898.15,14898.15,14898.15,14898.15,14898.15]}}}