{"semaine":[1,2,3,4,5,6,7,8,9,10,11,12,13,14,15,16,17,18,19,20,21,22,23,24,25,26,27,28,29,30,31,32,33,34,35,36,37,38,39,40,41,42,43,44,45,46,47,48,49,50,51,52],"capacites_MW":{"electrolyzer":[0,0,0,0,0,0,0,0,0,0,0,0,0,0,0,9597,11823,11823,11823,11823,16081,17323,17323,19733,19733,19733,19733,21403,21403,21403,21403,21403,21403,21403,21403,21403,21403,21403,21403,21403,21403,21403,21403,21403,21403,21403,21403,21403,21403,21403,21403,21403],"offshore":[500,500,500,500,500,500,500,500,500,500,500,500,500,500,500,500,500,500,500,500,500,500,500,500,500,508,508,1859,1859,5000,5000,5000,5000,5000,5000,5000,5000,5000,5000,5000,5000,5000,5000,5000,5000,5000,5000,5000,5000,5000,5000,5000],"onshore":[5900,5900,5900,7318,7382,7382,7729,7729,7729,7967,7967,7967,7967,7967,8294,8294,8742,14537,14537,14537,14537,14537,14537,14537,14537,15000,15000,15000,15000,15000,15000,15000,15000,15000,15000,15000,15000,15000,15000,15000,15000,15000,15000,15000,15000,15000,15000,15000,15000,15000,15000,15000],"solar":[17566,19308,19308,19550,19550,19550,19550,19550,19550,19550,19550,19550,19550,19550,19550,24562,33972,33972,33972,33972,35004,35004,35004,37905,37905,37905,37905,45428,45428,50000,50000,50000,50000,50000,50000,50000,50000,50000,50000,50000,50000,50000,50000,50000,50000,50000,50000,50000,50000,50000,50000,50000],"battery":[7500,7500,7500,7500,7500,7500,7500,7500,7500,7500,7500,7500,7500,7500,7500,7500,7500,7500,7500,7500,7500,7500,7500,7500,7500,7500,7500,7500,7500,7500,7500,7500,7500,7500,7500,7500,7500,7500,7500,7500,7500,7500,7500,7500,7500,7500,7500,7500,7500,7500,7500,7500]},"H2":{"CCG":{"nombre_installees":[10,10,10,10,10,10,10,10,10,10,10,10,10,10,10,10,10,10,10,10,10,10,10,10,10,10,10,10,10,10,10,10,10,10,10,10,10,10,10,10,10,10,10,10,10,10,10,10,10,10,10,10],"production_totale_MWh":[8.81878831e6,8.81878831e6,8.81878831e6,8.81878831e6,8.81878831e6,8.81878831e6,8.81878831e6,8.81878831e6,8.81878831e6,8.81878831e6,8.81878831e6,8.81878831e6,8.81878831e6,8.81878831e6,8.81878831e6,8.81878831e6,8.81878831e6,8.81878831e6,8.81878831e6,8.81878831e6,8.81878831e6,8.81878831e6,8.81878831e6,8.81878831e6,8.81878831e6,8.81878831e6,8.81878831e6,8.81878831e6,8.81878831e6,8.81878831e6,8.81878831e6,8.81878831e6,8.81878831e6,8.81878831e6,8.81878831e6,8.81878831e6,8.81878831e6,8.81878831e6,8.81878831e6,8.81878831e6,8.81878831e6,8.81878831e6,8.81878831e6,8.81878831e6,8.81878831e6,8.81878831e6,8.81878831e6,8.81878831e6,8.81878831e6,8.81878831e6,8.81878831e6,8.81878831e6]},"TAC":{"nombre_installees":[0,3,3,3,5,5,10,10,10,10,10,10,10,10,10,10,10,10,10,10,10,10,10,10,10,10,10,10,10,10,10,10,10,10,10,10,10,10,10,10,10,10,10,10,10,10,10,10,10,10,10,10],"production_totale_MWh":[18835.99,18835.99,18835.99,18835.99,18835.99,18835.99,18835.99,18835.99,18835.99,18835.99,18835.99,18835.99,18835.99,18835.99,18835.99,18835.99,18835.99,18835.99,18835.99,18835.99,18835.99,18835.99,18835.99,18835.99,18835.99,18835.99,18835.99,18835.99,18835.99,18835.99,18835.99,18835.99,18835.99,18835.99,18835.99,18835.99,18835.99,18835.99,18835.99,18835.99,18835.99,18835.99,18835.99,18835.99,18835.99,18835.99,18835.99,18835.99,18835.99,18835.99,18835.99,18835.99]}}}