{"semaine":[1,2,3,4,5,6,7,8,9,10,11,12,13,14,15,16,17,18,19,20,21,22,23,24,25,26,27,28,29,30,31,32,33,34,35,36,37,38,39,40,41,42,43,44,45,46,47,48,49,50,51,52],"capacites_MW":{"electrolyzer":[0,0,0,0,0,0,0,0,0,0,0,0,0,1367,7310,7310,10935,16719,17264,17264,17264,18677,18677,18677,18677,18677,18677,18677,18677,18677,18677,18677,18677,18677,18677,18677,18677,18677,18677,18677,18677,18677,18677,18677,18677,18677,18677,18677,18677,18677,18677,18677],"offshore":[500,500,500,500,500,500,500,2101,5000,5000,5000,5000,5000,5000,5000,5000,5000,5000,5000,5000,5000,5000,5000,5000,5000,5000,5000,5000,5000,5000,5000,5000,5000,5000,5000,5000,5000,5000,5000,5000,5000,5000,5000,5000,5000,5000,5000,5000,5000,5000,5000,5000],"onshore":[5900,12754,15000,15000,15000,15000,15000,15000,15000,15000,15000,15000,15000,15000,15000,15000,15000,15000,15000,15000,15000,15000,15000,15000,15000,15000,15000,15000,15000,15000,15000,15000,15000,15000,15000,15000,15000,15000,15000,15000,15000,15000,15000,15000,15000,15000,15000,15000,15000,15000,15000,15000],"solar":[14808,14808,14808,14808,14808,14808,14808,14808,48934,48934,49156,49156,49156,49770,50000,50000,50000,50000,50000,50000,50000,50000,50000,50000,50000,50000,50000,50000,50000,50000,50000,50000,50000,50000,50000,50000,50000,50000,50000,50000,50000,50000,50000,50000,50000,50000,50000,50000,50000,50000,50000,50000],"battery":[7500,7500,7500,7500,7500,7500,7500,7500,7500,7500,7500,7500,7500,7500,7500,7500,7500,7500,7500,7500,7500,7500,7500,7500,7500,7500,7500,7500,7500,7500,7500,7500,7500,7500,7500,7500,7500,7500,7500,7500,7500,7500,7500,7500,7500,7500,7500,7500,7500,7500,7500,7500]},"H2":{"CCG":{"nombre_installees":[10,10,10,10,10,10,10,10,10,10,10,10,10,10,10,10,10,10,10,10,10,10,10,10,10,10,10,10,10,10,10,10,10,10,10,10,10,10,10,10,10,10,10,10,10,10,10,10,10,10,10,10],"production_totale_MWh":[7.76378959e6,7.76378959e6,7.76378959e6,7.76378959e6,7.76378959e6,7.76378959e6,7.76378959e6,7.76378959e6,7.76378959e6,7.76378959e6,7.76378959e6,7.76378959e6,7.76378959e6,7.76378959e6,7.76378959e6,7.76378959e6,7.76378959e6,7.76378959e6,7.76378959e6,7.76378959e6,7.76378959e6,7.76378959e6,7.76378959e6,7.76378959e6,7.76378959e6,7.76378959e6,7.76378959e6,7.76378959e6,7.76378959e6,7.76378959e6,7.76378959e6,7.76378959e6,7.76378959e6,7.76378959e6,7.76378959e6,7.76378959e6,7.76378959e6,7.76378959e6,7.76378959e6,7.76378959e6,7.76378959e6,7.76378959e6,7.76378959e6,7.76378959e6,7.76378959e6,7.76378959e6,7.76378959e6,7.76378959e6,7.76378959e6,7.76378959e6,7.76378959e6,7.76378959e6]},"TAC":{"nombre_installees":[0,0,0,0,0,0,0,0,10,10,10,10,10,10,10,10,10,10,10,10,10,10,10,10,10,10,10,10,10,10,10,10,10,10,10,10,10,10,10,10,10,10,10,10,10,10,10,10,10,10,10,10],"production_totale_MWh":[215988.96,215988.96,215988.96,215988.96,215988.96,215988.96,215988.96,215988.96,215988.96,215988.96,215988.96,215988.96,215988.96,215988.96,215988.96,215988.96,215988.96,215988.96,215988.96,215988.96,215988.96,215988.96,215988.96,215988.96,215988.96,215988.96,215988.96,215988.96,215988.96,215988.96,215988.96,215988.96,215988.96,215988.96,215988.96,215988.96,215988.96,215988.96,215988.96,215988.96,215988.96,215988.96,215988.96,215988.96,215988.96,215988.96,215988.96,215988.96,215988.96,215988.96,215988.96,215988.96]}}}