{"semaine":[1,2,3,4,5,6,7,8,9,10,11,12,13,14,15,16,17,18,19,20,21,22,23,24,25,26,27,28,29,30,31,32,33,34,35,36,37,38,39,40,41,42,43,44,45,46,47,48,49,50,51,52],"capacites_MW":{"electrolyzer":[0,0,0,0,0,0,0,0,0,0,0,0,0,0,0,0,0,0,0,0,0,0,0,0,0,0,0,0,0,0,0,0,10260,10260,20802,20802,20802,20802,20802,20802,20802,20802,20802,20802,20802,20802,20802,20802,20802,20802,20802,20802],"offshore":[2876,2876,2876,2876,2876,2876,2876,2876,2876,2876,2876,2876,2876,2876,2876,2876,2876,2876,2876,2876,2876,2876,2876,2876,2876,2876,2876,2876,2876,2876,2876,2876,5000,5000,5000,5000,5000,5000,5000,5000,5000,5000,5000,5000,5000,5000,5000,5000,5000,5000,5000,5000],"onshore":[15000,15000,15000,15000,15000,15000,15000,15000,15000,15000,15000,15000,15000,15000,15000,15000,15000,15000,15000,15000,15000,15000,15000,15000,15000,15000,15000,15000,15000,15000,15000,15000,15000,15000,15000,15000,15000,15000,15000,15000,15000,15000,15000,15000,15000,15000,15000,15000,15000,15000,15000,15000],"solar":[6682,6682,6682,6682,9068,9860,12321,12321,12321,12321,12321,12979,12979,12979,15306,15306,15306,15306,15306,15306,15306,15306,15306,15306,15306,15306,15306,15306,15306,15306,15306,15306,28207,28207,50000,50000,50000,50000,50000,50000,50000,50000,50000,50000,50000,50000,50000,50000,50000,50000,50000,50000],"battery":[7500,7500,7500,7500,7500,7500,7500,7500,7500,7500,7500,7500,7500,7500,7500,7500,7500,7500,7500,7500,7500,7500,7500,7500,7500,7500,7500,7500,7500,7500,7500,7500,7500,7500,7500,7500,7500,7500,7500,7500,7500,7500,7500,7500,7500,7500,7500,7500,7500,7500,7500,7500]},"H2":{"CCG":{"nombre_installees":[5,5,5,5,5,5,10,10,10,10,10,10,10,10,10,10,10,10,10,10,10,10,10,10,10,10,10,10,10,10,10,10,10,10,10,10,10,10,10,10,10,10,10,10,10,10,10,10,10,10,10,10],"production_totale_MWh":[7.74992759e6,7.74992759e6,7.74992759e6,7.74992759e6,7.74992759e6,7.74992759e6,7.74992759e6,7.74992759e6,7.74992759e6,7.74992759e6,7.74992759e6,7.74992759e6,7.74992759e6,7.74992759e6,7.74992759e6,7.74992759e6,7.74992759e6,7.74992759e6,7.74992759e6,7.74992759e6,7.74992759e6,7.74992759e6,7.74992759e6,7.74992759e6,7.74992759e6,7.74992759e6,7.74992759e6,7.74992759e6,7.74992759e6,7.74992759e6,7.74992759e6,7.74992759e6,7.74992759e6,7.74992759e6,7.74992759e6,7.74992759e6,7.74992759e6,7.74992759e6,7.74992759e6,7.74992759e6,7.74992759e6,7.74992759e6,7.74992759e6,7.74992759e6,7.74992759e6,7.74992759e6,7.74992759e6,7.74992759e6,7.74992759e6,7.74992759e6,7.74992759e6,7.74992759e6]},"TAC":{"nombre_installees":[0,0,0,0,0,0,0,0,0,0,0,0,0,0,0,0,0,0,0,0,0,0,0,0,0,0,0,0,0,0,0,0,0,0,0,0,0,0,0,0,0,0,0,0,0,0,0,0,0,0,10,10],"production_totale_MWh":[3400.0,3400.0,3400.0,3400.0,3400.0,3400.0,3400.0,3400.0,3400.0,3400.0,3400.0,3400.0,3400.0,3400.0,3400.0,3400.0,3400.0,3400.0,3400.0,3400.0,3400.0,3400.0,3400.0,3400.0,3400.0,3400.0,3400.0,3400.0,3400.0,3400.0,3400.0,3400.0,3400.0,3400.0,3400.0,3400.0,3400.0,3400.0,3400.0,3400.0,3400.0,3400.0,3400.0,3400.0,3400.0,3400.0,3400.0,3400.0,3400.0,3400.0,3400.0,3400.0]}}}