{"semaine":[1,2,3,4,5,6,7,8,9,10,11,12,13,14,15,16,17,18,19,20,21,22,23,24,25,26,27,28,29,30,31,32,33,34,35,36,37,38,39,40,41,42,43,44,45,46,47,48,49,50,51,52],"capacites_MW":{"electrolyzer":[2216,2216,2216,2216,2216,2216,2216,2216,3471,3752,3752,3752,3752,3752,3752,3752,5065,5065,5065,5065,5065,5065,5065,5065,5065,5065,5065,5065,5065,5065,5065,5065,5065,5065,5065,5065,5065,5065,5065,5065,5065,5065,5065,5065,5065,5065,5065,5065,5065,5065,10151,16855],"offshore":[500,500,500,500,500,500,500,500,500,500,500,500,500,500,500,500,500,500,500,500,500,500,500,500,500,500,500,500,500,500,500,500,500,500,500,500,500,500,500,500,500,500,500,500,500,500,500,500,500,500,8570,8570],"onshore":[25161,25161,25161,25161,25161,25161,25161,25161,25161,25161,25161,25161,25161,25161,25161,25161,25161,25161,25161,25161,25161,25161,25161,25161,25161,25161,25161,25161,25161,25161,25161,25161,25161,25161,25161,25161,25161,25161,25161,25161,25161,25161,28508,31336,39501,39501,40000,40000,40000,40000,40000,40000],"solar":[4568,4568,4568,4568,7412,8834,21235,21235,21235,21235,21235,21235,21235,21235,21235,21235,21235,21235,21235,21235,21235,21235,21235,21235,21235,21235,21235,21235,21235,21235,21235,21235,21235,21235,21235,21549,21549,21549,21549,21549,21549,21549,21549,21549,21549,21549,31454,31454,31454,31454,31454,31454],"battery":[32500,32500,32500,32500,32500,32500,32500,32500,32500,32500,32500,32500,32500,32500,32500,32500,32500,32500,32500,32500,32500,32500,32500,32500,32500,32500,32500,32500,32500,32500,32500,32500,32500,32500,32500,32500,32500,32500,32500,32500,32500,32500,32500,32500,32500,32500,32500,32500,32500,32500,32500,32500]},"H2":{"CCG":{"nombre_installees":[1,1,1,1,1,1,4,4,4,4,4,4,4,4,4,4,4,4,4,4,4,4,4,4,4,4,4,4,4,4,4,4,4,4,4,5,6,12,12,12,12,12,12,12,12,12,12,12,12,12,12,12],"production_totale_MWh":[3.74709106e6,3.74709106e6,3.74709106e6,3.74709106e6,3.74709106e6,3.74709106e6,3.74709106e6,3.74709106e6,3.74709106e6,3.74709106e6,3.74709106e6,3.74709106e6,3.74709106e6,3.74709106e6,3.74709106e6,3.74709106e6,3.74709106e6,3.74709106e6,3.74709106e6,3.74709106e6,3.74709106e6,3.74709106e6,3.74709106e6,3.74709106e6,3.74709106e6,3.74709106e6,3.74709106e6,3.74709106e6,3.74709106e6,3.74709106e6,3.74709106e6,3.74709106e6,3.74709106e6,3.74709106e6,3.74709106e6,3.74709106e6,3.74709106e6,3.74709106e6,3.74709106e6,3.74709106e6,3.74709106e6,3.74709106e6,3.74709106e6,3.74709106e6,3.74709106e6,3.74709106e6,3.74709106e6,3.74709106e6,3.74709106e6,3.74709106e6,3.74709106e6,3.74709106e6]},"TAC":{"nombre_installees":[0,0,0,0,0,0,0,0,0,0,0,0,0,0,0,0,0,0,0,0,0,0,0,0,0,0,0,0,0,0,0,0,0,0,0,0,0,0,0,0,0,0,0,0,0,0,0,0,0,0,0,0],"production_totale_MWh":[-0.0,-0.0,-0.0,-0.0,-0.0,-0.0,-0.0,-0.0,-0.0,-0.0,-0.0,-0.0,-0.0,-0.0,-0.0,-0.0,-0.0,-0.0,-0.0,-0.0,-0.0,-0.0,-0.0,-0.0,-0.0,-0.0,-0.0,-0.0,-0.0,-0.0,-0.0,-0.0,-0.0,-0.0,-0.0,-0.0,-0.0,-0.0,-0.0,-0.0,-0.0,-0.0,-0.0,-0.0,-0.0,-0.0,-0.0,-0.0,-0.0,-0.0,-0.0,-0.0]}}}