{"semaine":[1,2,3,4,5,6,7,8,9,10,11,12,13,14,15,16,17,18,19,20,21,22,23,24,25,26,27,28,29,30,31,32,33,34,35,36,37,38,39,40,41,42,43,44,45,46,47,48,49,50,51],"capacites_MW":{"offshore":[500,500,500,500,500,500,500,500,500,500,500,500,2685,5000,5000,5000,5000,5000,5000,5000,5000,5000,5000,5000,5000,5000,5000,5000,5000,5000,5000,5000,5000,5000,5000,5000,5000,5000,5000,5000,5000,5000,5000,5000,5000,5000,5000,5000,5000,5000,5000],"onshore":[5900,5900,5900,5900,5900,5900,5900,5900,5919,6503,6564,8191,15000,15000,15000,15000,15000,15000,15000,15000,15000,15000,15000,15000,15000,15000,15000,15000,15000,15000,15000,15000,15000,15000,15000,15000,15000,15000,15000,15000,15000,15000,15000,15000,15000,15000,15000,15000,15000,15000,15000],"solar":[21323,21912,21912,21912,21912,21912,21912,21912,21912,21912,21912,21912,21912,22661,49308,49308,49308,50000,50000,50000,50000,50000,50000,50000,50000,50000,50000,50000,50000,50000,50000,50000,50000,50000,50000,50000,50000,50000,50000,50000,50000,50000,50000,50000,50000,50000,50000,50000,50000,50000,50000],"battery":[7500,7500,7500,7500,7500,7500,7500,7500,7500,7500,7500,7500,7500,7500,7500,7500,7500,7500,7500,7500,7500,7500,7500,7500,7500,7500,7500,7500,7500,7500,7500,7500,7500,7500,7500,7500,7500,7500,7500,7500,7500,7500,7500,7500,7500,7500,7500,7500,7500,7500,7500]},"H2":{"CCG":{"nombre_installees":[9,9,9,9,10,10,10,10,10,10,10,10,10,10,10,10,10,10,10,10,10,10,10,10,10,10,10,10,10,10,10,10,10,10,10,10,10,10,10,10,10,10,10,10,10,10,10,10,10,10,10],"production_totale_MWh":[9.69737819e6,9.69737819e6,9.69737819e6,9.69737819e6,9.69737819e6,9.69737819e6,9.69737819e6,9.69737819e6,9.69737819e6,9.69737819e6,9.69737819e6,9.69737819e6,9.69737819e6,9.69737819e6,9.69737819e6,9.69737819e6,9.69737819e6,9.69737819e6,9.69737819e6,9.69737819e6,9.69737819e6,9.69737819e6,9.69737819e6,9.69737819e6,9.69737819e6,9.69737819e6,9.69737819e6,9.69737819e6,9.69737819e6,9.69737819e6,9.69737819e6,9.69737819e6,9.69737819e6,9.69737819e6,9.69737819e6,9.69737819e6,9.69737819e6,9.69737819e6,9.69737819e6,9.69737819e6,9.69737819e6,9.69737819e6,9.69737819e6,9.69737819e6,9.69737819e6,9.69737819e6,9.69737819e6,9.69737819e6,9.69737819e6,9.69737819e6,9.69737819e6]},"TAC":{"nombre_installees":[0,0,0,0,0,0,0,0,3,3,4,4,4,4,4,4,4,4,4,4,4,4,4,4,4,4,10,10,10,10,10,10,10,10,10,10,10,10,10,10,10,10,10,10,10,10,10,10,10,10,10],"production_totale_MWh":[80573.09,80573.09,80573.09,80573.09,80573.09,80573.09,80573.09,80573.09,80573.09,80573.09,80573.09,80573.09,80573.09,80573.09,80573.09,80573.09,80573.09,80573.09,80573.09,80573.09,80573.09,80573.09,80573.09,80573.09,80573.09,80573.09,80573.09,80573.09,80573.09,80573.09,80573.09,80573.09,80573.09,80573.09,80573.09,80573.09,80573.09,80573.09,80573.09,80573.09,80573.09,80573.09,80573.09,80573.09,80573.09,80573.09,80573.09,80573.09,80573.09,80573.09,80573.09]}}}