{"semaine":[1,2,3,4,5,6,7,8,9,10,11,12,13,14,15,16,17,18,19,20,21,22,23,24,25,26,27,28,29,30,31,32,33,34,35,36,37,38,39,40,41,42,43,44,45,46,47,48,49,50,51],"capacites_MW":{"offshore":[500,500,500,500,500,4042,4042,4042,4042,4042,4042,4042,4042,4042,4042,4042,5000,5000,5000,5000,5000,5000,5000,5000,5000,5000,5000,5000,5000,5000,5000,5000,5000,5000,5000,5000,5000,5000,5000,5000,5000,5000,5000,5000,5000,5000,5000,5000,5000,5000,5000],"onshore":[5900,5900,5900,5900,5900,15000,15000,15000,15000,15000,15000,15000,15000,15000,15000,15000,15000,15000,15000,15000,15000,15000,15000,15000,15000,15000,15000,15000,15000,15000,15000,15000,15000,15000,15000,15000,15000,15000,15000,15000,15000,15000,15000,15000,15000,15000,15000,15000,15000,15000,15000],"solar":[3000,3000,3251,3270,15492,34509,34509,34509,34509,34509,34509,34509,34509,34509,34509,34509,48282,50000,50000,50000,50000,50000,50000,50000,50000,50000,50000,50000,50000,50000,50000,50000,50000,50000,50000,50000,50000,50000,50000,50000,50000,50000,50000,50000,50000,50000,50000,50000,50000,50000,50000],"battery":[0,0,0,0,0,0,37,37,37,37,37,37,37,37,37,37,37,7500,7500,7500,7500,7500,7500,7500,7500,7500,7500,7500,7500,7500,7500,7500,7500,7500,7500,7500,7500,7500,7500,7500,7500,7500,7500,7500,7500,7500,7500,7500,7500,7500,7500]},"H2":{"CCG":{"nombre_installees":[12,12,12,12,12,12,12,12,12,12,12,12,12,12,12,12,12,12,12,12,12,12,12,12,12,12,12,12,13,13,13,13,13,13,13,13,13,13,13,13,13,13,13,13,13,13,13,13,13,13,13],"production_totale_MWh":[1.124433123e7,1.124433123e7,1.124433123e7,1.124433123e7,1.124433123e7,1.124433123e7,1.124433123e7,1.124433123e7,1.124433123e7,1.124433123e7,1.124433123e7,1.124433123e7,1.124433123e7,1.124433123e7,1.124433123e7,1.124433123e7,1.124433123e7,1.124433123e7,1.124433123e7,1.124433123e7,1.124433123e7,1.124433123e7,1.124433123e7,1.124433123e7,1.124433123e7,1.124433123e7,1.124433123e7,1.124433123e7,1.124433123e7,1.124433123e7,1.124433123e7,1.124433123e7,1.124433123e7,1.124433123e7,1.124433123e7,1.124433123e7,1.124433123e7,1.124433123e7,1.124433123e7,1.124433123e7,1.124433123e7,1.124433123e7,1.124433123e7,1.124433123e7,1.124433123e7,1.124433123e7,1.124433123e7,1.124433123e7,1.124433123e7,1.124433123e7,1.124433123e7]},"TAC":{"nombre_installees":[10,10,10,10,10,10,10,10,10,10,10,10,10,10,10,10,10,10,10,10,10,10,10,10,10,10,10,10,10,10,10,10,10,10,10,10,10,10,10,10,10,10,10,10,10,10,10,10,10,10,10],"production_totale_MWh":[460425.23,460425.23,460425.23,460425.23,460425.23,460425.23,460425.23,460425.23,460425.23,460425.23,460425.23,460425.23,460425.23,460425.23,460425.23,460425.23,460425.23,460425.23,460425.23,460425.23,460425.23,460425.23,460425.23,460425.23,460425.23,460425.23,460425.23,460425.23,460425.23,460425.23,460425.23,460425.23,460425.23,460425.23,460425.23,460425.23,460425.23,460425.23,460425.23,460425.23,460425.23,460425.23,460425.23,460425.23,460425.23,460425.23,460425.23,460425.23,460425.23,460425.23,460425.23]}}}