{"semaine":[1,2,3,4,5,6,7,8,9,10,11,12,13,14,15,16,17,18,19,20,21,22,23,24,25,26,27,28,29,30,31,32,33,34,35,36,37,38,39,40,41,42,43,44,45,46,47,48,49,50,51,52],"capacites_MW":{"electrolyzer":[9596,9596,9596,9596,11944,11944,11944,11944,11944,11944,11944,12842,12842,12842,12842,12842,12842,16814,16814,16814,16814,16814,16814,16814,19503,19503,19503,19503,19503,19503,19503,19503,19503,19503,19503,19503,19503,19503,19503,19503,19503,19503,19503,19503,19503,19503,19503,19503,19503,19503,28926,37155],"offshore":[500,500,500,500,500,500,500,500,500,500,500,500,500,500,500,500,500,500,500,500,500,500,500,500,500,500,500,500,500,500,500,500,500,500,500,500,500,500,500,500,500,500,500,500,500,500,500,500,500,500,734,734],"onshore":[13662,15583,15583,15583,15583,15583,15583,15583,15583,15583,15583,15583,15583,15583,15583,15583,15583,15583,15583,15583,15583,15583,15583,15583,15583,15583,15583,15583,15583,15583,15583,15583,15583,15583,15583,15583,19626,19626,24978,24978,24978,24978,25875,25875,25875,25875,25875,25875,26402,26402,40000,40000],"solar":[29716,29716,29716,29716,29716,29716,29716,29716,29716,29716,29716,29716,29716,29716,29716,29716,29716,29716,29716,29716,29716,29716,29716,29716,29716,29716,29716,29716,29716,29716,29716,29716,29716,29716,42146,42146,42146,43388,43388,43388,43388,43388,43388,43388,43388,43388,45428,45428,45428,45428,45428,45428],"battery":[32500,32500,32500,32500,32500,32500,32500,32500,32500,32500,32500,32500,32500,32500,32500,32500,32500,32500,32500,32500,32500,32500,32500,32500,32500,32500,32500,32500,32500,32500,32500,32500,32500,32500,32500,32500,32500,32500,32500,32500,32500,32500,32500,32500,32500,32500,32500,32500,32500,32500,32500,32500]},"H2":{"CCG":{"nombre_installees":[0,1,1,1,1,1,3,3,3,3,3,3,3,3,3,3,3,3,3,3,3,3,3,3,3,3,3,3,3,3,3,3,3,3,3,4,5,9,9,9,9,9,9,9,9,9,10,10,10,10,10,10],"production_totale_MWh":[3.36923779e6,3.36923779e6,3.36923779e6,3.36923779e6,3.36923779e6,3.36923779e6,3.36923779e6,3.36923779e6,3.36923779e6,3.36923779e6,3.36923779e6,3.36923779e6,3.36923779e6,3.36923779e6,3.36923779e6,3.36923779e6,3.36923779e6,3.36923779e6,3.36923779e6,3.36923779e6,3.36923779e6,3.36923779e6,3.36923779e6,3.36923779e6,3.36923779e6,3.36923779e6,3.36923779e6,3.36923779e6,3.36923779e6,3.36923779e6,3.36923779e6,3.36923779e6,3.36923779e6,3.36923779e6,3.36923779e6,3.36923779e6,3.36923779e6,3.36923779e6,3.36923779e6,3.36923779e6,3.36923779e6,3.36923779e6,3.36923779e6,3.36923779e6,3.36923779e6,3.36923779e6,3.36923779e6,3.36923779e6,3.36923779e6,3.36923779e6,3.36923779e6,3.36923779e6]},"TAC":{"nombre_installees":[0,0,0,0,0,0,5,5,5,5,5,5,5,5,5,5,5,5,5,5,5,5,5,5,5,5,5,5,5,5,5,5,5,5,5,5,5,5,15,15,15,15,15,15,15,15,15,15,15,15,15,15],"production_totale_MWh":[6662.58,6662.58,6662.58,6662.58,6662.58,6662.58,6662.58,6662.58,6662.58,6662.58,6662.58,6662.58,6662.58,6662.58,6662.58,6662.58,6662.58,6662.58,6662.58,6662.58,6662.58,6662.58,6662.58,6662.58,6662.58,6662.58,6662.58,6662.58,6662.58,6662.58,6662.58,6662.58,6662.58,6662.58,6662.58,6662.58,6662.58,6662.58,6662.58,6662.58,6662.58,6662.58,6662.58,6662.58,6662.58,6662.58,6662.58,6662.58,6662.58,6662.58,6662.58,6662.58]}}}