{"semaine":[1,2,3,4,5,6,7,8,9,10,11,12,13,14,15,16,17,18,19,20,21,22,23,24,25,26,27,28,29,30,31,32,33,34,35,36,37,38,39,40,41,42,43,44,45,46,47,48,49,50,51],"capacites_MW":{"offshore":[500,500,500,500,500,500,500,500,500,500,500,500,500,500,500,500,500,500,500,10228,10228,11033,11033,11033,11033,11033,11033,11033,11033,11033,11033,11033,11033,11033,11033,11033,11033,11033,11033,11033,11033,11033,11033,11033,11033,11033,11033,11033,11033,11033,11033],"onshore":[5900,5900,5900,5900,5900,5900,5900,5900,5900,5900,5900,6150,11111,11111,15101,15101,24303,24303,29861,35000,35000,35000,35000,35000,35000,35000,35000,35000,35000,35000,35000,35000,35000,35000,35000,35000,35000,35000,35000,35000,35000,35000,35000,35000,35000,35000,35000,35000,35000,35000,35000],"solar":[36664,36664,36664,36668,36668,36668,36668,38277,38854,42523,46365,46365,46365,46365,46365,46365,46365,46365,46365,46365,46365,51503,51503,51503,51503,51503,51503,51503,51503,51503,51503,51503,51503,51503,51503,51503,51503,51503,51503,51503,51503,51503,51503,51503,51503,51503,51503,51503,51503,51503,51503],"battery":[0,10,571,571,915,1450,1502,1612,1612,1762,1762,2324,2324,2324,2324,2324,2324,2399,2399,2399,2399,2399,2399,2399,2399,2399,2399,2399,2399,2399,2399,2475,2475,2475,2475,2475,2475,2475,2475,2475,2475,2475,2475,2475,2475,2475,2475,2475,2475,2475,2475]},"H2":{"CCG":{"nombre_installees":[5,5,5,5,6,6,6,6,7,7,7,7,7,7,7,7,7,7,7,7,7,7,7,7,7,7,7,7,7,7,7,7,7,7,7,7,7,7,7,7,7,7,7,7,7,7,7,7,7,7,7],"production_totale_MWh":[5.75762873e6,5.75762873e6,5.75762873e6,5.75762873e6,5.75762873e6,5.75762873e6,5.75762873e6,5.75762873e6,5.75762873e6,5.75762873e6,5.75762873e6,5.75762873e6,5.75762873e6,5.75762873e6,5.75762873e6,5.75762873e6,5.75762873e6,5.75762873e6,5.75762873e6,5.75762873e6,5.75762873e6,5.75762873e6,5.75762873e6,5.75762873e6,5.75762873e6,5.75762873e6,5.75762873e6,5.75762873e6,5.75762873e6,5.75762873e6,5.75762873e6,5.75762873e6,5.75762873e6,5.75762873e6,5.75762873e6,5.75762873e6,5.75762873e6,5.75762873e6,5.75762873e6,5.75762873e6,5.75762873e6,5.75762873e6,5.75762873e6,5.75762873e6,5.75762873e6,5.75762873e6,5.75762873e6,5.75762873e6,5.75762873e6,5.75762873e6,5.75762873e6]},"TAC":{"nombre_installees":[15,15,15,15,15,15,15,15,15,15,15,15,15,15,15,15,15,15,15,15,15,15,15,15,15,15,15,15,15,15,15,15,15,15,15,15,15,15,15,15,15,15,15,15,15,15,15,15,15,15,15],"production_totale_MWh":[1.38912906e6,1.38912906e6,1.38912906e6,1.38912906e6,1.38912906e6,1.38912906e6,1.38912906e6,1.38912906e6,1.38912906e6,1.38912906e6,1.38912906e6,1.38912906e6,1.38912906e6,1.38912906e6,1.38912906e6,1.38912906e6,1.38912906e6,1.38912906e6,1.38912906e6,1.38912906e6,1.38912906e6,1.38912906e6,1.38912906e6,1.38912906e6,1.38912906e6,1.38912906e6,1.38912906e6,1.38912906e6,1.38912906e6,1.38912906e6,1.38912906e6,1.38912906e6,1.38912906e6,1.38912906e6,1.38912906e6,1.38912906e6,1.38912906e6,1.38912906e6,1.38912906e6,1.38912906e6,1.38912906e6,1.38912906e6,1.38912906e6,1.38912906e6,1.38912906e6,1.38912906e6,1.38912906e6,1.38912906e6,1.38912906e6,1.38912906e6,1.38912906e6]}}}