{"semaine":[1,2,3,4,5,6,7,8,9,10,11,12,13,14,15,16,17,18,19,20,21,22,23,24,25,26,27,28,29,30,31,32,33,34,35,36,37,38,39,40,41,42,43,44,45,46,47,48,49,50,51],"capacites_MW":{"offshore":[500,500,500,500,500,500,500,500,500,500,500,500,500,500,500,500,500,500,500,10739,10739,10891,10891,10891,10891,10891,10891,10891,10891,10891,10891,10891,10891,10891,10891,10891,10891,10891,10891,10891,10891,10891,10891,10891,10891,10891,10891,10891,10891,10891,10891],"onshore":[21780,21780,21780,21852,21852,21852,21852,21852,21852,21852,22114,22114,22114,22114,22371,22371,33915,33915,33915,35000,35000,35000,35000,35000,35000,35000,35000,35000,35000,35000,35000,35000,35000,35000,35000,35000,35000,35000,35000,35000,35000,35000,35000,35000,35000,35000,35000,35000,35000,35000,35000],"solar":[22092,22092,22092,22092,22310,23560,23560,23560,23560,23560,23639,23639,23639,23639,23639,23639,23639,23639,29288,41133,41133,47785,47785,47785,47785,47785,47785,47785,47785,47785,47785,47785,47785,47785,47785,47785,47785,47785,47785,47785,47785,47785,47785,47785,47785,47785,47785,47785,47785,47785,47785],"battery":[7500,7500,7500,7500,7500,7500,7500,7500,7500,7500,7500,7500,7500,7500,7500,7500,7500,7500,7500,7500,7500,7500,7500,7500,7500,7500,7500,7500,7500,7500,7500,7500,7500,7500,7500,7500,7500,7500,7500,7500,7500,7500,7500,7500,7500,7500,7500,7500,7500,7500,7500]},"H2":{"CCG":{"nombre_installees":[1,1,2,2,4,4,4,5,5,5,5,5,5,5,5,5,5,5,5,5,5,5,5,5,5,5,5,5,8,8,8,8,8,8,8,8,8,8,8,8,8,8,8,8,8,8,8,8,8,8,8],"production_totale_MWh":[2.80751757e6,2.80751757e6,2.80751757e6,2.80751757e6,2.80751757e6,2.80751757e6,2.80751757e6,2.80751757e6,2.80751757e6,2.80751757e6,2.80751757e6,2.80751757e6,2.80751757e6,2.80751757e6,2.80751757e6,2.80751757e6,2.80751757e6,2.80751757e6,2.80751757e6,2.80751757e6,2.80751757e6,2.80751757e6,2.80751757e6,2.80751757e6,2.80751757e6,2.80751757e6,2.80751757e6,2.80751757e6,2.80751757e6,2.80751757e6,2.80751757e6,2.80751757e6,2.80751757e6,2.80751757e6,2.80751757e6,2.80751757e6,2.80751757e6,2.80751757e6,2.80751757e6,2.80751757e6,2.80751757e6,2.80751757e6,2.80751757e6,2.80751757e6,2.80751757e6,2.80751757e6,2.80751757e6,2.80751757e6,2.80751757e6,2.80751757e6,2.80751757e6]},"TAC":{"nombre_installees":[0,0,0,0,0,0,0,0,0,0,0,0,0,0,0,0,0,0,0,0,0,0,0,0,0,0,0,0,0,0,0,0,0,0,0,0,0,0,0,0,0,0,0,0,0,0,0,0,0,0,0],"production_totale_MWh":[0.0,0.0,0.0,0.0,0.0,0.0,0.0,0.0,0.0,0.0,0.0,0.0,0.0,0.0,0.0,0.0,0.0,0.0,0.0,0.0,0.0,0.0,0.0,0.0,0.0,0.0,0.0,0.0,0.0,0.0,0.0,0.0,0.0,0.0,0.0,0.0,0.0,0.0,0.0,0.0,0.0,0.0,0.0,0.0,0.0,0.0,0.0,0.0,0.0,0.0,0.0]}}}