{"semaine":[1,2,3,4,5,6,7,8,9,10,11,12,13,14,15,16,17,18,19,20,21,22,23,24,25,26,27,28,29,30,31,32,33,34,35,36,37,38,39,40,41,42,43,44,45,46,47,48,49,50,51,52],"capacites_MW":{"offshore":[500,500,500,500,500,500,500,500,500,500,500,500,500,500,500,500,500,500,500,500,500,500,500,500,500,500,500,500,500,500,500,500,500,500,500,500,500,500,500,500,500,500,500,500,500,500,500,500,500,500,500,500],"onshore":[29038,29038,29038,29038,29038,29038,29038,29038,29038,29038,29038,29038,29038,29038,29038,29038,29038,29038,29341,29341,29341,29341,29341,29341,29341,29341,29341,29341,29341,29341,29341,29475,29475,29475,29475,29475,29475,29475,29509,29509,29509,29509,29509,29509,29509,29509,29509,29509,29509,29509,29509,32892],"solar":[3000,41622,41622,41622,41622,41622,41622,41622,41622,41622,41622,41622,41622,41622,41622,41622,41622,41622,41622,41622,41622,41622,41622,41622,41622,41622,41622,41622,41622,41622,41622,41622,41622,41622,41622,41622,41622,41622,41622,41622,41622,41622,41622,41622,42760,42760,42760,42760,42760,42760,42760,42760],"battery":[32500,32500,32500,32500,32500,32500,32500,32500,32500,32500,32500,32500,32500,32500,32500,32500,32500,32500,32500,32500,32500,32500,32500,32500,32500,32500,32500,32500,32500,32500,32500,32500,32500,32500,32500,32500,32500,32500,32500,32500,32500,32500,32500,32500,32500,32500,32500,32500,32500,32500,32500,32500]},"H2":{"CCG":{"nombre_installees":[6,9,9,9,9,9,9,9,9,9,9,9,9,9,9,9,9,9,9,9,9,9,9,9,9,9,9,9,9,9,9,9,9,9,9,9,9,9,9,9,9,9,9,9,9,9,9,9,9,9,9,9],"production_totale_MWh":[2.09779005e6,2.09779005e6,2.09779005e6,2.09779005e6,2.09779005e6,2.09779005e6,2.09779005e6,2.09779005e6,2.09779005e6,2.09779005e6,2.09779005e6,2.09779005e6,2.09779005e6,2.09779005e6,2.09779005e6,2.09779005e6,2.09779005e6,2.09779005e6,2.09779005e6,2.09779005e6,2.09779005e6,2.09779005e6,2.09779005e6,2.09779005e6,2.09779005e6,2.09779005e6,2.09779005e6,2.09779005e6,2.09779005e6,2.09779005e6,2.09779005e6,2.09779005e6,2.09779005e6,2.09779005e6,2.09779005e6,2.09779005e6,2.09779005e6,2.09779005e6,2.09779005e6,2.09779005e6,2.09779005e6,2.09779005e6,2.09779005e6,2.09779005e6,2.09779005e6,2.09779005e6,2.09779005e6,2.09779005e6,2.09779005e6,2.09779005e6,2.09779005e6,2.09779005e6]},"TAC":{"nombre_installees":[0,0,0,0,0,0,0,0,0,0,0,0,0,0,0,0,0,0,0,0,0,0,0,0,0,0,0,0,0,0,0,0,0,0,0,0,0,0,0,0,0,0,0,0,0,9,9,9,9,9,9,15],"production_totale_MWh":[2713.53,2713.53,2713.53,2713.53,2713.53,2713.53,2713.53,2713.53,2713.53,2713.53,2713.53,2713.53,2713.53,2713.53,2713.53,2713.53,2713.53,2713.53,2713.53,2713.53,2713.53,2713.53,2713.53,2713.53,2713.53,2713.53,2713.53,2713.53,2713.53,2713.53,2713.53,2713.53,2713.53,2713.53,2713.53,2713.53,2713.53,2713.53,2713.53,2713.53,2713.53,2713.53,2713.53,2713.53,2713.53,2713.53,2713.53,2713.53,2713.53,2713.53,2713.53,2713.53]}}}