{"semaine":[1,2,3,4,5,6,7,8,9,10,11,12,13,14,15,16,17,18,19,20,21,22,23,24,25,26,27,28,29,30,31,32,33,34,35,36,37,38,39,40,41,42,43,44,45,46,47,48,49,50,51,52],"capacites_MW":{"offshore":[3033,5000,5000,5000,5000,5000,5000,5000,5000,5000,5000,5000,5000,5000,5000,5000,5000,5000,5000,5000,5000,5000,5000,5000,5000,5000,5000,5000,5000,5000,5000,5000,5000,5000,5000,5000,5000,5000,5000,5000,5000,5000,5000,5000,5000,5000,5000,5000,5000,5000,5000,5000],"onshore":[15000,15000,15000,15000,15000,15000,15000,15000,15000,15000,15000,15000,15000,15000,15000,15000,15000,15000,15000,15000,15000,15000,15000,15000,15000,15000,15000,15000,15000,15000,15000,15000,15000,15000,15000,15000,15000,15000,15000,15000,15000,15000,15000,15000,15000,15000,15000,15000,15000,15000,15000,15000],"solar":[3000,50000,50000,50000,50000,50000,50000,50000,50000,50000,50000,50000,50000,50000,50000,50000,50000,50000,50000,50000,50000,50000,50000,50000,50000,50000,50000,50000,50000,50000,50000,50000,50000,50000,50000,50000,50000,50000,50000,50000,50000,50000,50000,50000,50000,50000,50000,50000,50000,50000,50000,50000],"battery":[7500,7500,7500,7500,7500,7500,7500,7500,7500,7500,7500,7500,7500,7500,7500,7500,7500,7500,7500,7500,7500,7500,7500,7500,7500,7500,7500,7500,7500,7500,7500,7500,7500,7500,7500,7500,7500,7500,7500,7500,7500,7500,7500,7500,7500,7500,7500,7500,7500,7500,7500,7500]},"H2":{"CCG":{"nombre_installees":[10,10,10,10,10,10,10,10,10,10,10,10,10,10,10,10,10,10,10,10,10,10,10,10,10,10,10,10,10,10,10,10,10,10,10,10,10,10,10,10,10,10,10,10,10,10,10,10,10,10,10,10],"production_totale_MWh":[7.58655275e6,7.58655275e6,7.58655275e6,7.58655275e6,7.58655275e6,7.58655275e6,7.58655275e6,7.58655275e6,7.58655275e6,7.58655275e6,7.58655275e6,7.58655275e6,7.58655275e6,7.58655275e6,7.58655275e6,7.58655275e6,7.58655275e6,7.58655275e6,7.58655275e6,7.58655275e6,7.58655275e6,7.58655275e6,7.58655275e6,7.58655275e6,7.58655275e6,7.58655275e6,7.58655275e6,7.58655275e6,7.58655275e6,7.58655275e6,7.58655275e6,7.58655275e6,7.58655275e6,7.58655275e6,7.58655275e6,7.58655275e6,7.58655275e6,7.58655275e6,7.58655275e6,7.58655275e6,7.58655275e6,7.58655275e6,7.58655275e6,7.58655275e6,7.58655275e6,7.58655275e6,7.58655275e6,7.58655275e6,7.58655275e6,7.58655275e6,7.58655275e6,7.58655275e6]},"TAC":{"nombre_installees":[10,10,10,10,10,10,10,10,10,10,10,10,10,10,10,10,10,10,10,10,10,10,10,10,10,10,10,10,10,10,10,10,10,10,10,10,10,10,10,10,10,10,10,10,10,10,10,10,10,10,10,10],"production_totale_MWh":[487786.29,487786.29,487786.29,487786.29,487786.29,487786.29,487786.29,487786.29,487786.29,487786.29,487786.29,487786.29,487786.29,487786.29,487786.29,487786.29,487786.29,487786.29,487786.29,487786.29,487786.29,487786.29,487786.29,487786.29,487786.29,487786.29,487786.29,487786.29,487786.29,487786.29,487786.29,487786.29,487786.29,487786.29,487786.29,487786.29,487786.29,487786.29,487786.29,487786.29,487786.29,487786.29,487786.29,487786.29,487786.29,487786.29,487786.29,487786.29,487786.29,487786.29,487786.29,487786.29]}}}