{"semaine":[1,2,3,4,5,6,7,8,9,10,11,12,13,14,15,16,17,18,19,20,21,22,23,24,25,26,27,28,29,30,31,32,33,34,35,36,37,38,39,40,41,42,43,44,45,46,47,48,49,50,51],"capacites_MW":{"offshore":[500,500,500,500,500,500,500,500,500,500,500,500,500,500,500,500,500,500,500,500,500,500,500,500,500,500,500,500,500,500,500,500,500,500,500,500,500,500,500,500,500,500,500,500,500,500,500,500,500,500,500],"onshore":[5900,5900,5900,5900,5900,5900,5900,5900,5900,5900,5900,5900,5900,5900,5900,5900,5900,5900,5973,14173,14173,14173,14173,15902,15902,15902,15902,15902,24550,24550,24550,26906,26906,26906,26906,26906,26906,26906,26906,26906,26906,26906,26906,26906,26906,26906,26906,26906,26906,26906,26906],"solar":[3000,3000,3260,3264,3550,3552,3557,3557,4133,4136,4156,4193,4200,4208,4294,4294,4294,4300,5161,8777,8777,8777,8777,8777,8777,8777,8777,8777,14264,14264,14286,14286,14286,14286,14286,14286,14286,14286,14286,14286,14286,14286,14286,14286,14286,14286,14286,14286,14286,14286,14286],"battery":[0,0,0,0,0,0,0,0,0,0,0,0,0,0,0,0,0,0,23,1545,1545,1545,1545,1545,1545,1545,1545,1545,3094,3094,3094,6325,6325,6325,6325,6325,6325,6325,6325,6325,6325,6325,6325,6325,6325,6325,6325,6325,6325,6325,6325]},"H2":{"CCG":{"nombre_installees":[11,11,11,11,12,12,12,12,12,12,12,12,12,12,12,13,14,14,15,15,15,15,15,15,15,15,15,15,15,15,15,15,15,15,15,15,15,15,15,15,15,15,15,15,15,15,15,15,15,15,15],"production_totale_MWh":[3.012552219e7,3.012552219e7,3.012552219e7,3.012552219e7,3.012552219e7,3.012552219e7,3.012552219e7,3.012552219e7,3.012552219e7,3.012552219e7,3.012552219e7,3.012552219e7,3.012552219e7,3.012552219e7,3.012552219e7,3.012552219e7,3.012552219e7,3.012552219e7,3.012552219e7,3.012552219e7,3.012552219e7,3.012552219e7,3.012552219e7,3.012552219e7,3.012552219e7,3.012552219e7,3.012552219e7,3.012552219e7,3.012552219e7,3.012552219e7,3.012552219e7,3.012552219e7,3.012552219e7,3.012552219e7,3.012552219e7,3.012552219e7,3.012552219e7,3.012552219e7,3.012552219e7,3.012552219e7,3.012552219e7,3.012552219e7,3.012552219e7,3.012552219e7,3.012552219e7,3.012552219e7,3.012552219e7,3.012552219e7,3.012552219e7,3.012552219e7,3.012552219e7]},"TAC":{"nombre_installees":[15,15,15,15,15,15,15,15,15,15,15,15,15,15,15,15,15,15,15,15,15,15,15,15,15,15,15,15,15,15,15,15,15,15,15,15,15,15,15,15,15,15,15,15,15,15,15,15,15,15,15],"production_totale_MWh":[4.07096655e6,4.07096655e6,4.07096655e6,4.07096655e6,4.07096655e6,4.07096655e6,4.07096655e6,4.07096655e6,4.07096655e6,4.07096655e6,4.07096655e6,4.07096655e6,4.07096655e6,4.07096655e6,4.07096655e6,4.07096655e6,4.07096655e6,4.07096655e6,4.07096655e6,4.07096655e6,4.07096655e6,4.07096655e6,4.07096655e6,4.07096655e6,4.07096655e6,4.07096655e6,4.07096655e6,4.07096655e6,4.07096655e6,4.07096655e6,4.07096655e6,4.07096655e6,4.07096655e6,4.07096655e6,4.07096655e6,4.07096655e6,4.07096655e6,4.07096655e6,4.07096655e6,4.07096655e6,4.07096655e6,4.07096655e6,4.07096655e6,4.07096655e6,4.07096655e6,4.07096655e6,4.07096655e6,4.07096655e6,4.07096655e6,4.07096655e6,4.07096655e6]}}}