{"semaine":[1,2,3,4,5,6,7,8,9,10,11,12,13,14,15,16,17,18,19,20,21,22,23,24,25,26,27,28,29,30,31,32,33,34,35,36,37,38,39,40,41,42,43,44,45,46,47,48,49,50,51,52],"capacites_MW":{"electrolyzer":[7765,7815,8313,11106,12380,12380,12380,13512,13512,17301,17301,17301,17301,17301,17301,17301,17924,17924,17924,17924,17924,17924,17924,17924,17924,17924,17924,17924,17924,17924,17924,17924,17924,17924,17924,19700,19700,23265,23265,23265,23265,23265,23265,23265,23265,23265,23580,23580,23580,23580,23580,27212],"offshore":[3587,5000,5000,5000,5000,5000,5000,5000,5000,5000,5000,5000,5000,5000,5000,5000,5000,5000,5000,5000,5000,5000,5000,5000,5000,5000,5000,5000,5000,5000,5000,5000,5000,5000,5000,5000,5000,5000,5000,5000,5000,5000,5000,5000,5000,5000,5000,5000,5000,5000,5000,5000],"onshore":[15000,15000,15000,15000,15000,15000,15000,15000,15000,15000,15000,15000,15000,15000,15000,15000,15000,15000,15000,15000,15000,15000,15000,15000,15000,15000,15000,15000,15000,15000,15000,15000,15000,15000,15000,15000,15000,15000,15000,15000,15000,15000,15000,15000,15000,15000,15000,15000,15000,15000,15000,15000],"solar":[17056,17058,17058,17367,17367,17367,17385,17385,17385,17385,17385,17385,17385,17385,17385,17385,17797,17797,17797,17797,17797,17797,17797,17797,17797,17797,17797,17797,17797,17831,17831,17831,18190,18190,18190,44282,47940,50000,50000,50000,50000,50000,50000,50000,50000,50000,50000,50000,50000,50000,50000,50000],"battery":[7500,7500,7500,7500,7500,7500,7500,7500,7500,7500,7500,7500,7500,7500,7500,7500,7500,7500,7500,7500,7500,7500,7500,7500,7500,7500,7500,7500,7500,7500,7500,7500,7500,7500,7500,7500,7500,7500,7500,7500,7500,7500,7500,7500,7500,7500,7500,7500,7500,7500,7500,7500]},"H2":{"CCG":{"nombre_installees":[3,3,3,3,3,3,9,9,9,9,9,9,9,9,9,9,9,9,9,9,9,9,9,9,9,9,9,9,9,9,9,9,9,9,9,9,9,9,9,9,9,9,9,9,9,9,9,9,9,9,10,10],"production_totale_MWh":[6.2949387e6,6.2949387e6,6.2949387e6,6.2949387e6,6.2949387e6,6.2949387e6,6.2949387e6,6.2949387e6,6.2949387e6,6.2949387e6,6.2949387e6,6.2949387e6,6.2949387e6,6.2949387e6,6.2949387e6,6.2949387e6,6.2949387e6,6.2949387e6,6.2949387e6,6.2949387e6,6.2949387e6,6.2949387e6,6.2949387e6,6.2949387e6,6.2949387e6,6.2949387e6,6.2949387e6,6.2949387e6,6.2949387e6,6.2949387e6,6.2949387e6,6.2949387e6,6.2949387e6,6.2949387e6,6.2949387e6,6.2949387e6,6.2949387e6,6.2949387e6,6.2949387e6,6.2949387e6,6.2949387e6,6.2949387e6,6.2949387e6,6.2949387e6,6.2949387e6,6.2949387e6,6.2949387e6,6.2949387e6,6.2949387e6,6.2949387e6,6.2949387e6,6.2949387e6]},"TAC":{"nombre_installees":[0,0,0,0,0,0,0,0,0,0,0,0,0,0,0,0,0,0,0,0,0,0,0,0,0,0,0,0,0,0,0,0,0,0,0,0,0,0,0,0,0,0,0,0,3,3,3,3,3,3,5,10],"production_totale_MWh":[4925.01,4925.01,4925.01,4925.01,4925.01,4925.01,4925.01,4925.01,4925.01,4925.01,4925.01,4925.01,4925.01,4925.01,4925.01,4925.01,4925.01,4925.01,4925.01,4925.01,4925.01,4925.01,4925.01,4925.01,4925.01,4925.01,4925.01,4925.01,4925.01,4925.01,4925.01,4925.01,4925.01,4925.01,4925.01,4925.01,4925.01,4925.01,4925.01,4925.01,4925.01,4925.01,4925.01,4925.01,4925.01,4925.01,4925.01,4925.01,4925.01,4925.01,4925.01,4925.01]}}}